timestep,現在の速度,現在の角速度,速度候補の数,d_Uの平均,選択した軌道のd_U,選択した軌道のvelscore,選択した軌道のargcore,選択軌道のコスト,正面方向の距離,速度誤差、角速度誤差
0,
12.245,3.90188e-05,-1.50174e-06,62,1,1,0,0,0,1.76941,0,0,
12.248,3.90188e-05,-1.50174e-06,62,1,1,0,0,0,1.76941,0,0,
12.499,3.12701e-05,-1.65509e-06,62,1,1,0,0,0,1.78924,0,0,
12.75,0.000436837,3.99619e-07,52,1,1,0,0,0,1.77275,0,0,
13,0.00154306,-1.62192e-05,52,1,1,0,0,0,1.76696,0,0,
13.251,-0.000492055,1.06869e-05,
13.502,-0.00049168,1.06878e-05,
13.752,-0.00220969,1.73329e-05,
14.002,0.00330939,-9.21096e-06,62,1,1,0,0,0,1.77909,0,0,
14.254,4.0031e-05,-1.53959e-06,62,1,1,0,0,0,1.79044,0,0,
14.504,4.10086e-05,-1.49196e-06,62,1,1,0,0,0,1.77127,0,0,
14.755,3.87404e-05,-1.51066e-06,62,1,1,0,0,0,1.76202,0,0,
15.004,-0.00107122,-5.56906e-07,
15.255,-0.000488805,1.0694e-05,
15.506,-0.00303065,8.73047e-06,
15.756,0.000340219,-7.05318e-06,62,1,1,0,0,0,1.77864,0,0,
16.009,-0.000373907,1.26764e-05,
16.26,-0.00221149,1.73416e-05,
16.512,3.85449e-05,-1.5126e-06,62,1,1,0,0,0,1.7756,0,0,
16.761,3.85197e-05,-1.51284e-06,62,1,1,0,0,0,1.78769,0,0,
17.012,3.08297e-05,-1.66397e-06,62,1,1,0,0,0,1.75386,0,0,
17.263,0.000440297,4.23433e-07,62,1,1,0,0,0,1.78296,0,0,
17.512,0.00211738,-2.61388e-05,62,1,1,0,0,0,1.7768,0,0,
17.768,0.00211758,-2.61432e-05,62,1,1,0,0,0,1.78566,0,0,
18.013,-0.000414167,8.46454e-06,
18.263,0.000339332,-7.07254e-06,62,1,1,0,0,0,1.77214,0,0,
18.514,3.96183e-05,-1.53821e-06,62,1,1,0,0,0,1.77806,0,0,
18.765,3.95959e-05,-1.53811e-06,52,1,1,0,0,0,1.76229,0,0,
19.015,1.47068e-05,-6.61989e-07,62,1,1,0,0,0,1.78109,0,0,
19.266,1.46929e-05,-6.61916e-07,62,1,1,0,0,0,1.77362,0,0,
19.516,-0.00106928,-5.90537e-07,
19.766,0.00044217,4.35792e-07,62,1,1,0,0,0,1.79142,0,0,
20.016,0.000442347,4.36955e-07,62,1,1,0,0,0,1.76858,0,0,
20.267,0.000338611,-7.08835e-06,62,1,1,0,0,0,1.78329,0,0,
20.518,-0.000947805,1.3825e-05,
20.768,-0.000947605,1.38262e-05,
21.019,3.67246e-05,-1.62603e-06,62,1,1,0,0,0,1.77208,0,0,
21.268,3.80404e-05,-1.51737e-06,62,1,1,0,0,0,1.77886,0,0,
21.522,3.04055e-05,-1.67165e-06,62,1,1,0,0,0,1.75981,0,0,
21.773,1.45468e-05,-6.61134e-07,62,1,1,0,0,0,1.77734,0,0,
22.024,0.00153198,-1.62887e-05,62,1,1,0,0,0,1.76797,0,0,
22.274,0.00212137,-2.6226e-05,62,1,1,0,0,0,1.77669,0,0,
22.524,-0.000412979,8.49359e-06,
22.775,-0.00221617,1.73647e-05,
23.025,0.00330833,-9.39231e-06,62,1,1,0,0,0,1.76199,0,0,
23.276,-0.000945517,1.3839e-05,
23.526,-0.000945321,1.38402e-05,
23.778,1.44277e-05,-6.6047e-07,52,1,1,0,0,0,1.77852,0,0,
24.027,-0.0010674,-6.23464e-07,
24.277,-0.000474866,1.07232e-05,
24.528,-0.00303122,8.74116e-06,
24.778,0.00212342,-2.62706e-05,62,1,1,0,0,0,1.78004,0,0,
25.028,-0.000360781,1.2725e-05,
25.28,-0.0022179,1.73733e-05,
25.53,-0.00221806,1.73741e-05,
25.781,3.75728e-05,-1.52168e-06,52,1,1,0,0,0,1.7682,0,0,
26.031,2.99917e-05,-1.67906e-06,62,1,1,0,0,0,1.76832,0,0,
26.283,0.000447048,4.6771e-07,62,1,1,0,0,0,1.77694,0,0,
26.532,0.00152667,-1.63221e-05,52,1,1,0,0,0,1.78194,0,0,
26.783,-0.000471172,1.0731e-05,
27.034,-0.000411817,8.52203e-06,
27.286,0.000336212,-7.1413e-06,62,1,1,0,0,0,1.77681,0,0,
27.535,0.000336133,-7.14305e-06,52,1,1,0,0,0,1.76608,0,0,
27.785,3.87579e-05,-1.53451e-06,62,1,1,0,0,0,1.78361,0,0,
28.036,3.96112e-05,-1.49565e-06,62,1,1,0,0,0,1.7748,0,0,
28.287,1.4169e-05,-6.58952e-07,62,1,1,0,0,0,1.78277,0,0,
28.538,-0.0010656,-6.55708e-07,
28.789,-0.000468165,1.07374e-05,
29.04,-0.00303151,8.7462e-06,
29.29,0.170175,4.43646e-05,92,1,1,0.474781,3.36091e-05,0.474814,1.77211,-0.379825,4.43646e-05,
29.541,0.419,-0.00573145,111,0.971735,1,0.16375,0.17935,0.343101,1.67411,-0.131,1.11927,
29.791,0.619024,0.00111826,91,0.920704,1,0.0387206,0.199997,0.238718,1.5585,-0.0309765,1.12612,
30.041,0.76874,-0.346243,67,0.925995,1,0.0390753,0.104185,0.14326,inf,-0.0312602,0.778757,
30.294,0.766838,-0.621462,67,1,1,0.0414525,0.052822,0.0942745,inf,-0.033162,0.503538,
30.545,0.766603,-0.829322,67,1,1,0.0417456,0.0244781,0.0662237,inf,-0.0333965,0.295678,
30.795,0.768589,-1.13736,61,1,1,0.0392632,0.261263,0.300526,inf,-0.0314106,-0.825,
31.045,0.767736,-0.791084,67,1,1,0.0403302,0.158089,0.198419,inf,-0.0322642,-0.416084,
31.296,0.768462,-0.390907,67,1,1,0.0394222,0.00658819,0.0460104,inf,-0.0315378,-0.0159075,
31.546,0.767802,-0.0148505,61,1,1,0.0402469,0.00615585,0.0464027,inf,-0.0321975,-0.0148505,
31.797,0.766768,-0.0177494,61,1,1,0.0415403,0.0148173,0.0563575,inf,-0.0332322,-0.0364773,
32.048,0.767068,0.0142837,61,1,1,0.0411644,0.138685,0.17985,inf,-0.0329315,-0.550947,
32.298,0.769267,0.281526,67,1,1,0.0384167,0.0345625,0.0729792,inf,-0.0307333,-0.192418,
32.548,0.768421,0.620183,67,1,1,0.0394741,0.00568593,0.04516,inf,-0.0315793,-0.00376085,
32.799,0.766562,0.784155,67,1,1,0.0417971,0.00564723,0.0474443,inf,-0.0334377,-0.00607577,
33.05,0.773044,0.720918,67,1,1,0.0336946,0.0150077,0.0487023,inf,-0.0269557,-0.159966,
33.299,0.781988,0.953172,67,0.949926,1,0.0225154,0.00295981,0.0254752,inf,-0.0180123,-0.00271177,
33.551,0.784538,1.16227,61,0.850828,1,0.0193274,0.0090232,0.0283506,inf,-0.0154619,0.0563855,
33.8,0.791128,1.20937,55,0.76262,1,0.0110896,0.020101,0.0311906,3.75375,-0.00887171,0.178484,
34.051,0.798615,1.26193,55,0.689622,1,0.0642315,0.351536,0.415767,1.72926,-0.0513852,1.48693,
34.301,0.747064,1.22115,64,0.638084,1,0.191169,0.359649,0.550818,1.18251,-0.152936,1.37115,
34.552,0.676712,1.00575,89,0.57366,0.579851,0.0291098,0.311652,0.61774,0.812131,-0.0232878,1.15575,
34.802,0.778987,0.938752,67,0.421047,0.558699,0.0262666,0.302316,0.62488,0.650818,-0.0210133,1.08875,
35.052,0.773932,1.00063,67,0.348302,0.607225,0.282585,0.32333,0.760702,0.500897,-0.226068,0.925634,
35.303,0.591704,0.943192,111,0.237323,0.472609,0.0728702,0.319933,0.713033,0.344896,-0.0582962,1.16819,
35.553,0.733933,1.03258,78,0.110567,0.445328,0.145084,0.323914,0.76353,0.273707,-0.116067,1.10758,
35.804,0.407558,0.917744,111,0.00220312,0.0489093,0.553053,0.314574,0.993526,0.213626,-0.442442,0.542744,
36.057,0.0127126,0.0742117,62,0.386119,0.362206,0.796609,0.00154203,0.926889,0.250298,-0.637287,-0.000788254,
36.305,0.0196455,-0.23948,57,0.473897,0.258978,0.725443,0.0209547,0.934323,0.249047,-0.580355,-0.0144804,
36.556,-0.0115527,0.00944239,
36.806,-0.00355717,-0.0175846,
37.057,0.023128,-0.248674,68,0.418596,0,1,0.5,1,0.210682,0,0,
37.308,-0.018662,-0.0755697,
37.558,-0.0139039,0.0777659,
37.808,-0.405745,-2.67716,
38.059,-0.800696,-0.0147244,
38.31,-0.802698,-0.0517617,
38.56,-0.79513,1.10121,
38.81,-0.813734,1.28491,
39.06,-0.332897,-0.0189051,
39.311,-0.113379,-0.176305,
39.562,0.00173149,0.000839056,62,0.99658,1,0.685336,0.0264419,0.711778,1.4349,-0.548269,-0.242303,
39.812,0.185655,-0.147774,101,0.917477,1,0.455431,0.148104,0.603535,1.33918,-0.364345,-0.882169,
40.063,0.448279,0.468216,111,0.971191,1,0.189651,0.0526736,0.242324,1.25756,-0.151721,-0.656784,
40.313,0.589156,0.311164,111,0.832012,1,0.0135544,0.116227,0.129781,1.10566,-0.0108435,-0.813836,
40.564,0.788906,0.545766,67,0.902061,1,0.0143225,0.0599382,0.0742607,1.0598,-0.011458,-0.579234,
40.815,0.585657,0.855732,111,1,1,0.0292417,0.0186063,0.047848,1.00167,-0.0233933,-0.269268,
41.065,0.585444,1.15588,101,1,1,0.0295085,0.00107025,0.0305788,inf,-0.0236068,-0.0441156,
41.32,0.58256,1.19199,101,1,1,0.0293872,0.00487031,0.0342575,inf,0.0235097,-0.00800546,
41.566,0.621757,1.30309,73,1,1,0.0353036,0.0357799,0.0710836,inf,-0.0282429,0.160536,
41.816,0.772335,0.805106,67,1,1,0.034581,0.161739,0.19632,2.5083,-0.0276648,0.430106,
42.066,0.771825,0.390712,67,1,1,0.0352186,0.00647887,0.0416975,2.58217,-0.0281749,0.0157119,
42.316,0.772853,0.0077014,61,0.9634,1,0.0339333,0.00317182,0.0371051,2.49178,-0.0271466,0.0077014,
42.567,0.771228,-0.00566284,61,0.932848,1,0.0359655,0.0285409,0.0645063,2.34494,-0.0287724,0.0693372,
42.818,0.770118,0.0965144,61,0.874476,1,0.0373528,0.069753,0.107106,2.1543,-0.0298823,0.171514,
43.068,0.76835,0.178002,61,0.880571,1,0.0395626,0.0724638,0.112026,2.01151,-0.0316501,0.178002,
43.318,0.768084,0.172948,67,0.874751,1,0.0398954,0.0704974,0.110393,1.92604,-0.0319163,0.172948,
43.569,0.770015,0.160941,67,0.844079,1,0.0374808,0.0946422,0.132123,1.80896,-0.0299846,0.235941,
43.819,0.772014,0.222156,67,0.866448,1,0.0349824,0.0891878,0.12417,1.75589,-0.0279859,0.222156,
44.073,0.765594,0.249876,67,0.877096,1,0.0430077,0.100421,0.143428,1.69811,-0.0344062,0.249876,
44.32,0.762127,0.237163,67,0.87217,1,0.0473416,0.0960301,0.143372,1.68943,-0.0378733,0.237163,
44.57,0.764054,0.225378,67,0.863561,1,0.044933,0.0913045,0.136237,1.67564,-0.0359464,0.225378,
44.82,0.764278,0.194161,67,0.845736,1,0.0446522,0.0791897,0.123842,1.66307,-0.0357218,0.194161,
45.071,0.766286,0.163453,67,0.829119,1,0.0421421,0.0668946,0.109037,1.65385,-0.0337137,0.163453,
45.321,0.761503,0.186958,67,0.848838,1,0.0481217,0.0766331,0.124755,1.65575,-0.0384974,0.186958,
45.572,0.761189,0.173941,67,0.836942,1,0.048514,0.0715097,0.120024,1.67513,-0.0388112,0.173941,
45.823,0.75858,0.165567,67,0.834081,1,0.0517752,0.0684013,0.120177,1.75069,-0.0414201,0.165567,
46.073,0.756149,0.158537,67,0.847921,1,0.0548134,0.0657853,0.120599,1.90777,-0.0438507,0.158537,
46.324,0.753309,0.160291,67,0.856291,1,0.0583632,0.0358866,0.0942497,2.05116,-0.0466905,0.0852905,
46.574,0.752382,0.0911589,61,0.793903,1,0.0595223,0.0383795,0.0979018,2.08093,-0.0476179,0.0911589,
46.828,0.750905,0.0982375,61,0.794837,1,0.0613691,0.0414079,0.102777,2.19656,-0.0490952,0.0982375,
47.083,0.753569,0.0935375,61,0.786341,1,0.0580385,0.0393094,0.0973479,2.44832,-0.0464308,0.0935375,
47.33,0.749869,0.0964088,71,0.786995,1,0.000163707,0.038182,0.0383457,2.79078,-0.000130965,0.0964088,
47.58,0.801923,0.0744932,51,0.78543,1,0.00240325,0.0294842,0.0318875,3.38611,0.0019226,0.0744932,
47.83,0.79998,0.0787469,61,0.78654,1,2.46603e-05,0.0312325,0.0312572,inf,-1.97283e-05,0.0787469,
48.081,0.79825,0.0851562,61,0.813471,1,0.0021873,0.0338289,0.0360162,inf,-0.00174984,0.0851562,
48.332,0.795297,0.0728155,61,0.823917,1,0.00587829,0.000874313,0.0067526,inf,-0.00470263,-0.00218448,
48.583,0.787762,-0.0594605,61,0.712667,1,0.0152972,0.0062782,0.0215754,inf,-0.0122378,0.0155395,
48.834,0.780598,-0.0182562,61,0.72935,1,0.0242527,0.0230982,0.0473509,inf,-0.0194022,0.0567438,
49.084,0.779839,0.0299188,61,0.779125,1,0.0252009,0.0477707,0.0729717,inf,-0.0201607,-0.160898,
49.334,0.775703,0.310688,67,0.990461,1,0.0303716,0.000173137,0.0305447,3.98846,-0.0242973,-0.0138417,
49.585,0.777558,0.42385,67,1,1,0.0280527,0.0111543,0.039207,3.8635,-0.0224422,0.02432,
49.836,0.778594,0.445832,67,1,1,0.0267578,4.58016e-05,0.0268036,3.70309,-0.0214062,-0.0124103,
50.086,0.776766,0.410981,67,1,1,0.0290431,0.00754002,0.0365831,3.65476,-0.0232345,0.011451,
50.336,0.771238,0.453302,67,1,1,0.0359528,0.00602647,0.0419793,3.60476,-0.0287622,-0.0375156,
50.588,0.771275,0.417467,67,1,1,0.0359061,0.00353156,0.0394376,3.63621,-0.0287249,-0.0309251,
50.838,0.770449,0.46839,67,1,1,0.0369386,0.0796648,0.116603,3.73009,-0.0295509,-0.65661,
51.089,0.788463,0.755258,67,1,1,0.0144216,0.0379275,0.0523491,inf,-0.0115373,-0.369742,
51.339,0.787848,0.926912,67,1,1,0.0151894,0.0172646,0.0324539,inf,-0.0121515,-0.198088,
51.59,0.784877,1.25349,55,1,1,0.0189033,0.267895,0.286798,inf,-0.0151226,0.878489,
51.842,0.787839,0.757428,67,1,1,0.0152011,0.143848,0.159049,inf,-0.0121609,0.382428,
52.09,0.787854,0.358998,67,1,1,0.0151823,0.00646444,0.0216467,inf,-0.0121458,-0.0160024,
52.345,0.789764,-0.0172173,61,1,1,0.0127947,0.00693822,0.0197329,inf,-0.0102357,-0.0172173,
52.595,0.790318,-0.00994212,61,1,1,0.0121024,0.0040041,0.0161065,inf,-0.00968189,-0.00994212,
52.846,0.788737,-0.0152478,61,1,1,0.0140787,0.00615279,0.0202315,3.88524,-0.011263,-0.0152478,
53.096,0.788526,-0.0168665,61,1,1,0.0143431,0.00680757,0.0211506,3.6924,-0.0114744,-0.0168665,
53.348,0.782745,0.0212144,61,1,1,0.0215682,0.0086249,0.0301931,3.47219,-0.0172545,0.0212144,
53.598,0.781927,0.0310428,61,1,1,0.0225909,0.00249012,0.025081,3.32608,-0.0180727,0.00729699,
53.849,0.781148,-0.0349355,61,1,1,0.0235646,0.00613921,0.0297038,3.08346,-0.0188517,0.0163187,
54.102,0.783015,-0.033719,61,1,1,0.0212313,0.00666666,0.027898,2.83744,-0.0169851,0.0175353,
54.351,0.784757,-0.0262634,61,1,1,0.019054,0.00971671,0.0287708,2.6824,-0.0152432,0.0249909,
54.602,0.779079,-0.0484329,61,1,1,0.0261514,0.00060269,0.026754,2.52214,-0.0209211,0.00282136,
54.854,0.780624,-0.059242,61,0.957015,1,0.0242201,0.00374492,0.027965,2.29595,-0.0193761,-0.00798775,
55.106,0.777558,-0.0531614,61,0.944668,1,0.0280525,0.0316325,0.059685,2.13446,-0.022442,-0.0769072,
55.356,0.779801,-0.121087,61,0.90294,1,0.0252492,0.0286697,0.053919,1.85837,-0.0201994,-0.0698326,
55.609,0.780544,-0.102662,61,0.880183,1,0.02432,0.0212616,0.0455816,2.13379,-0.019456,-0.0514079,
55.861,0.77374,-0.136047,61,0.864328,1,0.0328244,0.0350365,0.0678609,inf,-0.0262595,-0.0847925,
56.112,0.776233,-0.131193,61,0.804855,1,0.0297089,0.0622795,0.0919884,inf,-0.0237671,-0.154939,
56.362,0.774603,-0.209511,67,0.887355,1,0.0317467,0.00404171,0.0357884,inf,-0.0253973,-0.00825723,
56.617,0.767064,-0.000392285,61,0.754209,1,0.0411698,0.0108199,0.0519897,inf,-0.0329358,-0.0241381,
56.868,0.763608,-0.0635805,61,0.86913,1,0.0454898,0.00607696,0.0515667,inf,-0.0363918,-0.0123263,
57.12,0.759983,-0.0824414,61,0.0887627,0.496447,0.112522,0.0834408,0.600838,inf,-0.0900173,0.193813,
57.372,0.707572,0.136963,78,0.76237,1,0.0530353,0.0148885,0.0679238,inf,-0.0424282,0.0382175,
57.624,0.760389,-0.0241518,61,0.919187,1,0.0495132,0.0102587,0.0597719,inf,-0.0396105,0.0271025,
57.876,0.754408,0.0135251,61,0.969978,1,0.0569901,0.00551553,0.0625057,3.80852,-0.0455921,-0.0102206,
58.129,0.753801,-0.060561,61,1,1,0.0577493,0.00515289,0.0629022,3.64375,-0.0461994,-0.00930674,
58.381,0.751704,-0.0684787,61,1,1,0.0603698,0.00855199,0.0689218,3.42064,-0.0482958,-0.0172245,
58.633,0.749251,-0.0688339,71,1,1,0.624064,0.00616613,0.63023,3.31103,0.499251,0.00616613,
58.886,0.533047,0.150241,111,1,1,0.353809,0.00024103,0.35405,3.09696,0.283047,0.00024103,
59.137,0.327036,0.12189,111,1,1,0.0962953,0.0281101,0.124405,2.97846,0.0770362,-0.0281101,
59.391,0.0814293,-0.0105702,72,1,1,0,0,0,2.92243,0,0,
59.641,0.000585874,0.0119043,62,1,1,0,0,0,2.90666,0,0,
59.892,-0.00265135,0.000943005,
60.143,0.00228179,0.000907755,62,1,1,0,0,0,2.91346,0,0,
60.395,-0.00263856,0.000811743,
60.648,0.00228341,0.000860612,62,1,1,0,0,0,2.92159,0,0,
60.898,-0.00263669,0.000776244,
61.15,0.00228263,0.000860945,62,1,1,0,0,0,2.89376,0,0,
61.401,-0.00263575,0.00076953,
61.653,0.00228161,0.000871766,62,1,1,0,0,0,2.91241,0,0,
61.905,-0.00263487,0.00076521,
62.157,-0.0026345,0.000763065,
62.407,-0.0026341,0.000760593,
62.658,-0.00263374,0.000758547,
62.91,-0.00263343,0.000756784,
63.161,0.00227828,0.000903992,62,1,1,0,0,0,2.91211,0,0,
63.412,-0.00263276,0.000753055,
63.664,0.00227715,0.000914962,62,1,1,0,0,0,2.90624,0,0,
63.917,-0.00263208,0.000749273,
64.172,0.00227605,0.000925751,62,1,1,0.684655,0.00116806,0.685823,2.88602,-0.547724,0.000925751,
64.422,0.166904,0.0242038,92,1,1,0.47887,0.0184591,0.497329,2.88207,-0.383096,0.0242038,
64.672,0.404952,0.00251369,101,1,1,0.243811,0.00132263,0.245133,2.83998,-0.195048,0.00251369,
64.924,0.603405,0.0234308,91,1,1,0.0582442,0.0098962,0.0681404,2.67884,-0.0465954,0.0234308,
65.174,0.75292,0.0201139,61,1,1,0.0588502,0.00850148,0.0673516,2.5421,-0.0470801,0.0201139,
65.425,0.750565,0.0205518,61,1,1,0.0617939,0.20963,0.271424,2.33174,-0.0494351,-1.1144,
65.678,0.75128,0.284448,67,0.972666,1,0.0608997,0.114733,0.175633,2.16148,-0.0487197,-0.840552,
65.928,0.750037,0.581879,67,0.97813,1,0.0624543,0.0556565,0.118111,1.94765,-0.0499634,-0.543121,
66.179,0.747374,0.824421,78,1,1,0.00328251,0.163371,0.166653,1.84194,-0.00262601,0.449421,
66.431,0.792669,0.42613,67,0.920524,1,0.0091638,0.132733,0.141897,1.72385,-0.00733104,0.35113,
66.682,0.799532,0.337506,67,0.852007,1,0.000584429,0.151615,0.1522,1.63016,-0.000467543,0.412506,
66.933,0.798227,0.363616,67,0.837755,1,0.00221646,0.159935,0.162151,1.48561,-0.00177317,0.438616,
67.184,0.797565,0.413958,67,0.86733,1,0.00304396,0.152392,0.155436,1.42949,-0.00243517,0.413958,
67.435,0.796752,0.392388,67,0.849478,1,0.00406005,0.145664,0.149724,1.35,-0.00324804,0.392388,
67.687,0.793622,0.354449,67,0.839762,1,0.00797206,0.133703,0.141675,1.32348,-0.00637765,0.354449,
67.939,0.793901,0.330332,67,0.830487,1,0.00762423,0.125509,0.133133,1.26159,-0.00609938,0.330332,
68.19,0.795055,0.301325,67,0.808204,1,0.00618074,0.484762,0.490943,1.21474,-0.00494459,1.87632,
68.44,0.79473,0.338661,67,0.845782,1,0.00658698,0.472267,0.478854,1.19785,-0.00526958,1.83866,
68.698,0.797527,0.297319,67,0.836194,1,0.00309153,0.457628,0.460719,1.255,-0.00247322,1.79732,
68.943,0.801144,0.288852,56,0.855436,1,0.00142973,0.45419,0.45562,1.33579,0.00114378,1.78885,
69.193,0.797339,0.241914,67,0.830288,1,0.00332672,0.437808,0.441134,1.45262,-0.00266137,1.74191,
69.446,0.796986,0.229667,67,0.851294,1,0.00376775,0.405056,0.408824,1.72618,-0.0030142,1.65467,
69.696,0.794428,0.147151,67,0.822276,1,0.00696517,0.402341,0.409306,2.08491,-0.00557213,1.64715,
69.947,0.791999,0.136257,67,0.842582,1,0.0100014,0.368613,0.378614,2.70197,-0.00800112,1.56126,
70.198,0.789402,0.0597766,61,0.775707,1,0.0132477,0.3681,0.381347,3.10414,-0.0105982,1.55978,
70.449,0.783201,0.108701,61,0.821993,1,0.0209989,0.35773,0.378729,3.75442,-0.0167991,1.5337,
70.702,0.786837,0.0491877,61,0.769606,1,0.0164543,0.363914,0.380369,inf,-0.0131635,1.54919,
70.952,0.787485,0.054236,61,0.776551,1,0.0156442,0.36593,0.381574,3.84573,-0.0125153,1.55424,
71.203,0.786223,0.0424194,61,0.773964,1,0.0172218,0.361199,0.378421,3.69044,-0.0137774,1.54242,
71.453,0.783768,0.0403853,61,0.770632,1,0.0202899,0.360429,0.380719,3.42758,-0.0162319,1.54039,
71.704,0.781326,0.0367445,61,0.774922,1,0.0233419,0.359,0.382342,3.29118,-0.0186735,1.53674,
71.955,0.774408,0.0773001,61,0.824574,1,0.0319899,0.344987,0.376977,3.05286,-0.0255919,1.5023,
72.205,0.776655,0.0135437,61,0.781021,1,0.0291818,0.349592,0.378774,2.90144,-0.0233454,1.51354,
72.456,0.770304,-0.0301516,61,0.725271,1,0.0371196,0.362553,0.399673,2.65702,-0.0296957,1.54485,
72.708,0.772579,0.0435209,61,0.801218,1,0.0342769,0.361954,0.396231,2.49934,-0.0274215,1.54352,
72.958,0.772741,0.039092,61,0.788555,1,0.0340734,0.0763902,0.110464,2.26458,-0.0272587,0.189092,
73.209,0.772427,0.16628,61,0.860481,1,0.0344657,0.123707,0.158173,2.13617,-0.0275726,0.31628,
73.459,0.770214,0.299361,67,0.884835,1,0.037232,0.168113,0.205345,1.92148,-0.0297856,0.449361,
73.709,0.772094,0.412791,67,0.900991,1,0.0348822,0.156281,0.191164,1.77539,-0.0279058,0.412791,
73.959,0.770617,0.37062,67,0.850806,1,0.0367282,0.166885,0.203613,1.60176,-0.0293825,0.44562,
74.21,0.773183,0.407121,67,0.852463,1,0.0335208,0.177476,0.210997,1.50356,-0.0268166,0.482121,
74.46,0.771512,0.450804,67,0.862879,1,0.0356104,0.168324,0.203934,1.37018,-0.0284883,0.450804,
74.711,0.768399,0.42939,67,0.849396,1,0.0395011,0.162205,0.201706,1.2779,-0.0316009,0.42939,
74.961,0.769863,0.410989,67,0.824116,1,0.0376715,0.179238,0.21691,1.19493,-0.0301372,0.485989,
75.212,0.767019,0.456457,67,0.86327,1,0.0412256,0.170873,0.212098,1.13669,-0.0329805,0.456457,
75.462,0.767889,0.406846,67,0.842694,1,0.0401386,0.155087,0.195226,1.10127,-0.0321108,0.406846,
75.713,0.76435,0.367559,67,0.831312,1,0.0445621,0.142677,0.187239,1.09612,-0.0356497,0.367559,
75.963,0.760351,0.317101,67,0.828513,1,0.0495617,0.125769,0.17533,1.12467,-0.0396494,0.317101,
76.214,0.763454,0.283725,67,0.797407,1,0.0456826,0.139819,0.185502,1.11485,-0.0365461,0.358725,
76.464,0.761661,0.337478,67,0.861248,1,0.0479235,0.105637,0.15356,1.25171,-0.0383388,0.262478,
76.714,0.763842,0.249546,67,0.834938,1,0.0451969,0.100512,0.145709,1.40423,-0.0361575,0.249546,
76.965,0.763552,0.221479,67,0.850031,1,0.0455604,0.0603313,0.105892,1.75391,-0.0364483,0.146479,
77.216,0.762736,0.139299,67,0.802041,1,0.0465796,0.0574996,0.104079,2.10833,-0.0372637,0.139299,
77.466,0.766399,0.08715,61,0.775981,1,0.042001,0.0360413,0.0780424,2.73359,-0.0336008,0.08715,
77.716,0.760698,0.0527044,61,0.772528,1,0.0491271,0.0220187,0.0711458,3.29343,-0.0393017,0.0527044,
77.966,0.758859,0.0294543,61,0.746465,1,0.0514264,0.0435407,0.0949671,3.99831,-0.0411411,0.104454,
78.218,0.760929,0.0991349,61,0.826583,1,0.0488386,0.0100927,0.0589313,inf,-0.0390709,0.0241349,
78.467,0.764985,0.00123823,61,0.723537,1,0.0437692,0.0316183,0.0753875,inf,-0.0350154,0.0762382,
78.72,0.766795,0.0549361,61,0.780506,1,0.0415057,0.022766,0.0642717,inf,-0.0332045,0.0549361,
78.969,0.765464,0.0340614,61,0.784036,1,0.0431694,0.0141547,0.0573241,inf,-0.0345355,0.0340614,
79.22,0.761351,0.0170842,61,0.785778,1,0.0483112,0.00714147,0.0554527,inf,-0.038649,0.0170842,
79.47,0.759744,0.0149448,61,0.786452,1,0.0503205,0.00626062,0.0565812,inf,-0.0402564,0.0149448,
79.72,0.761593,0.0144351,61,0.786497,1,0.0480089,0.00603246,0.0540413,inf,-0.0384071,0.0144351,
79.971,0.759702,0.0120162,61,0.80166,1,0.0503729,0.349076,0.399449,inf,-0.0402983,1.51202,
80.225,0.755018,0.0241613,61,0.830636,1,0.0562269,0.322641,0.378868,inf,-0.0449815,1.44916,
80.475,0.755065,-0.0558207,61,0.753508,1,0.000642226,0.368882,0.369524,inf,0.000513781,1.51918,
80.723,0.706984,0.0199583,71,0.810761,0.643713,0.341678,0.250976,0.737786,inf,0.273343,1.14496,
80.973,0.550381,0.402228,111,1,1,0.375477,0.486132,0.861608,inf,0.300381,1.52723,
81.226,0.367926,0.213487,122,0.979117,1,0.147407,0.426054,0.573461,inf,0.117926,1.33849,
81.476,0.121614,-0.164392,82,0.920425,1,0.0270172,0.305771,0.332788,inf,0.0216137,0.960608,
81.727,0.026957,-0.488279,67,0.86607,1,0.0336963,0.202675,0.236371,inf,0.026957,0.636721,
81.977,0.0141607,-0.654274,67,0.818452,0.692847,0.669799,0.00236105,0.772857,inf,-0.535839,0.995726,
82.227,0.266865,-0.448871,122,0.70233,0.640533,0.353918,0.0451875,0.615107,1.70783,-0.283135,-0.0738714,
82.477,0.435495,-0.270141,111,0.517285,0.550234,0.393131,0.0207914,0.67752,0.856785,-0.314505,0.435143,
82.729,0.484603,-0.467306,111,0.19647,0.471951,0.418253,0.209351,0.824247,0.520684,0.334603,0.657694,
82.978,-0.00664644,0.0826169,
83.229,-0.00758407,0.0121847,
83.479,-0.0259078,0.0283996,
83.73,0.024134,-0.290727,57,0.466105,0,1,0.5,1,0.227329,0,0,
83.98,0.0405722,-0.257203,68,0.379405,0,1,0.5,1,0.231129,0,0,
84.231,-0.00332759,-0.19419,
84.481,-0.0086455,-0.0553996,
84.731,-0.533342,1.83076,
84.982,-0.81228,-0.102645,
85.233,-0.80209,-0.0163714,
85.484,-0.800808,-0.013269,
85.736,-0.00343353,-0.010215,
85.985,-0.197709,-3.10914,
86.234,-0.145788,-2.00741,
86.485,-0.196848,-1.40039,
86.735,-0.00237344,0.001051,
86.986,-0.192148,8.99128e-05,
87.236,-0.100012,0.293089,
87.489,-0.0293501,0.227353,
87.739,0.0194749,0.746174,67,0.916496,1,0.0243436,0.371174,0.395518,0.787911,0.0194749,0.371174,
87.989,0.0197091,0.321611,68,0.892961,1,0,0,0,0.669257,0,0,
88.242,0.00171903,-0.00122237,52,0.955728,1,0,0,0,0.645768,0,0,
88.493,-0.00235326,0.00217368,
88.744,0.00124921,1.37925,43,1,1,0.00156152,0.0145613,0.0161228,0.618715,0.00124921,-0.0457457,
88.994,-0.00129465,1.42292,
89.244,-0.00478703,-0.00174125,
89.494,0.0015499,0.00790242,62,0.916583,1,0.00193738,0.360614,0.362551,0.647484,0.0015499,1.1329,
89.745,0.00656247,-0.338636,62,0.915675,1,0,0,0,0.658239,0,0,
89.995,-0.00235631,-0.00239553,
90.246,0.241271,-0.0489095,102,0.761487,0.571208,0.448412,0.0187985,0.695666,0.613637,-0.358729,0.0260905,
90.496,0.444301,0.00301577,101,0.543857,0.528671,0.444623,0.00216055,0.707531,0.514347,-0.355699,0.00301577,
90.747,0.444288,0.00445333,101,0.484552,0.473046,0.44464,0.00319048,0.738798,0.437602,-0.355712,0.00445333,
90.998,0.448796,0.0103293,111,0.294729,0.501005,0.626505,0.0109995,0.818388,0.289372,-0.501204,0.0103293,
91.248,0.297383,0.0118702,111,0.322108,0.341039,0.565771,0.0108726,0.855619,0.225618,-0.452617,0.0118702,
91.498,0.344133,0.00131851,111,0.145574,0.303342,0.757334,0.00216186,0.927045,0.127227,-0.605867,0.00131851,
91.749,0.196737,0.00398874,92,0.237337,0.298685,0.754079,0.00645269,0.928474,0.0674201,-0.603263,0.00398874,
92,-0.00547135,0.169052,
92.25,0.0125799,0.281544,57,0.276051,0.270994,0.734275,0.0275665,0.935461,0.181959,-0.58742,-0.0184562,
92.501,-0.0197305,0.102053,
92.751,0.00169779,0.776387,67,0.0297673,0,0.997878,0.499304,1,0.197293,-0.798302,0.776387,
93.002,-0.138795,6.49175,
93.252,0.696925,-0.61833,89,0.770367,1,0.00384339,0.0943295,0.0981729,inf,-0.00307471,-0.24333,
93.503,0.803755,-0.22569,56,0.975851,1,0.057806,0.000291513,0.0580975,inf,-0.0462448,-0.0006903,
93.753,0.754683,-0.0164463,61,1,1,0.0566458,0.00693561,0.0635814,inf,-0.0453167,-0.0164463,
94.004,0.755046,-0.00854226,61,1,1,0.056192,0.00360106,0.0597931,inf,-0.0449536,-0.00854226,
94.254,0.755366,-0.029646,61,1,1,0.055792,0.0124864,0.0682783,inf,-0.0446336,-0.029646,
94.504,0.75624,-0.0580707,61,1,1,0.0546997,0.00712453,0.0618243,inf,-0.0437598,0.0169293,
94.754,0.749239,0.0651985,71,1,1,0.000951251,0.0039034,0.00485465,inf,-0.000761001,-0.00980147,
95.005,0.802932,0.0323823,51,1,1,0.00366461,0.0128305,0.0164951,inf,0.00293169,0.0323823,
95.256,0.801142,0.0248608,51,1,1,0.00142801,0.00987454,0.0113025,inf,0.00114241,0.0248608,
95.506,0.804191,0.0154173,51,1,1,0.00523892,0.00610164,0.0113406,inf,0.00419114,0.0154173,
95.757,0.797884,0.0161162,61,1,1,0.00264469,0.00642855,0.00907324,inf,-0.00211576,0.0161162,
96.007,0.795641,0.0256826,61,1,1,0.00544819,0.212357,0.217805,inf,-0.00435855,1.15068,
96.258,0.789357,-0.388655,67,1,1,0.0133036,0.0993093,0.112613,inf,-0.0106429,0.736345,
96.51,0.795449,-0.582751,67,1,1,0.00568889,0.0646581,0.070347,inf,-0.00455111,0.542249,
96.761,0.792517,-0.890275,67,1,1,0.009354,0.0221604,0.0315144,inf,-0.0074832,0.234725,
97.011,0.822987,-0.945498,56,1,1,0.0337664,0.0126176,0.046384,3.75847,-0.0270131,0.179502,
97.262,0.771964,-1.14119,61,1,1,0.0350447,0.00207342,0.0371181,3.03782,-0.0280357,0.075,
97.513,0.761762,-1.09851,67,1,1,0.0477971,0.00280215,0.0505993,2.45337,-0.0382377,0.101486,
97.765,0.754433,-1.20486,55,1,1,0.0569584,0.00096967,0.0579281,2.16687,-0.0455667,0.075,
98.016,0.742334,-1.26115,64,1,1,0.00958299,0.270224,0.279807,2.05127,-0.0076664,-0.9,
98.267,0.788392,-0.723652,67,1,1,0.01451,0.476578,0.491088,inf,-0.011608,-1.84865,
98.517,0.785763,-0.338793,61,1,1,0.0177964,0.359744,0.37754,inf,-0.0142371,-1.53879,
98.767,0.787157,-0.0393268,61,0.847352,1,0.0160535,0.359931,0.375985,inf,-0.0128428,-1.53933,
99.018,0.78528,-0.0375578,61,0.87504,1,0.0184,0.328876,0.347276,inf,-0.01472,-1.46256,
99.268,0.786682,0.0285122,61,0.821491,1,0.0166472,0.33251,0.349157,inf,-0.0133177,-1.47149,
99.518,0.790871,-0.00925226,61,0.757855,1,0.0114108,0.347765,0.359176,inf,-0.00912861,-1.50925,
99.769,0.787326,-0.0546242,61,0.836063,1,0.0110437,0.355352,0.366396,inf,0.00883495,-1.47962,
100.019,0.68375,-0.00925335,81,0.397338,1,0.00356542,0.590334,0.593899,inf,0.00285234,-1.88425,
100.27,0.534672,-0.327909,101,0.435608,1,0.0686395,0.697933,0.766573,inf,-0.0549116,-2.20291,
100.521,0.484602,-0.636574,111,1,1,0.00622797,0.534929,0.541157,inf,-0.00498237,-1.76157,
100.771,0.532335,-0.251351,111,1,1,0.00906149,0.317437,0.326498,3.42043,-0.00724919,-1.37635,
101.022,0.534502,0.107471,101,1,1,0.00635266,0.182753,0.189106,3.23223,-0.00508213,-1.09253,
101.273,0.536575,0.385003,111,1,1,0.00376113,0.0857664,0.0895275,3.47444,-0.0030089,-0.739997,
101.523,0.536976,0.632643,111,1,1,0.00326045,0.045936,0.0491964,inf,-0.00260836,-0.492357,
101.774,0.537792,0.87746,111,1,1,0.00224027,0.019185,0.0214253,inf,-0.00179222,-0.24754,
102.024,0.561067,0.9866,111,1,1,0.0356456,0.00438042,0.040026,inf,-0.0285165,-0.1384,
102.275,0.504603,1.22454,91,1,1,0.0187734,0.0064018,0.0251752,inf,0.0150187,-0.0504587,
102.526,0.557144,1.22787,91,0.785057,1,0.0110921,0.00501464,0.0161068,3.3837,0.00887369,-0.047126,
102.776,0.550585,1.40116,71,0.640981,1,0.184607,0.0181687,0.202776,inf,-0.147685,-0.173841,
103.027,0.399491,1.2296,100,0.624627,0.575248,0.188137,0.0509001,0.562257,inf,-0.150509,-0.645397,
103.279,0.653485,0.732383,89,0.550069,0.697178,0.504356,0.290697,0.857116,inf,0.403485,0.913253,
103.529,0.445462,0.5842,122,0.57027,0.618774,1.15753,0.208254,1.22634,1.49194,0,0,
103.78,0.280161,1.23686,100,0.524245,0.219545,1.38578,0.408907,1.17447,0.892116,0,0,
104.035,0.0536605,1.25623,64,0.542005,0.0928597,1.37958,0.871954,1.11622,0.422349,0,0,
104.288,-0.200464,1.04733,
104.538,-0.43886,1.22023,
104.789,-0.286895,1.15948,
105.039,-0.0416996,1.14871,
105.291,0.23086,1.04274,111,1,1,0.398925,0.30134,0.700265,3.5747,-0.31914,0.667738,
105.542,0.47587,0.632725,111,1,1,0.155162,0.115961,0.271123,inf,-0.12413,0.257725,
105.791,0.677282,0.248802,89,1,1,0.028397,0.00974439,0.0381414,inf,-0.0227176,0.0238023,
106.042,0.767666,-0.0760545,61,1,1,0.0404181,0.000437234,0.0408553,inf,-0.0323345,-0.00105447,
106.292,0.763712,0.0269481,61,1,1,0.0453605,0.207928,0.253288,inf,-0.0362884,1.15195,
106.544,0.762685,-0.318666,67,1,1,0.0466432,0.109116,0.155759,inf,-0.0373145,0.806334,
106.795,0.76828,-0.615265,67,1,1,0.03965,0.0540722,0.0937221,inf,-0.03172,0.509735,
107.045,0.780923,-0.786214,67,1,1,0.0238463,0.032492,0.0563384,inf,-0.0190771,0.338786,
107.296,0.779954,-0.966843,67,1,1,0.0250577,0.0116392,0.0366969,inf,-0.0200462,0.158157,
107.545,0.784491,-1.09274,67,1,1,0.0193861,0.000286527,0.0196726,inf,-0.0155089,0.0322625,
107.799,0.80101,-1.17302,51,1,1,0.00126236,0.0347504,0.0360128,2.94454,0.00100989,0.326976,
108.05,0.795835,-0.958713,67,1,1,0.00520575,0.0152907,0.0204964,inf,-0.0041646,0.166287,
108.301,0.784139,-1.19797,61,1,1,0.0198261,0.00263192,0.022458,inf,-0.0158609,0,
108.551,0.799599,-1.19439,61,1,1,0.000501434,0.254976,0.255478,inf,-0.000401147,-0.825,
108.802,0.796479,-0.7342,67,1,1,0.00440132,0.478901,0.483302,inf,-0.00352105,-1.8592,
109.052,0.796176,-0.310649,61,1,1,0.00477955,0.348299,0.353079,inf,-0.00382364,-1.51065,
109.303,0.799503,-0.0204837,61,1,1,0.000620736,0.236985,0.237605,inf,-0.000496589,-1.22048,
109.554,0.794073,0.273743,67,1,1,0.00740869,0.125996,0.133405,inf,-0.00592696,-0.851257,
109.803,0.793549,0.62335,67,1,1,0.00806317,0.0578185,0.0658817,inf,-0.00645053,-0.50165,
110.059,0.795716,0.862963,67,1,1,0.00535531,0.0258827,0.031238,inf,-0.00428425,-0.262037,
110.307,0.79961,1.23665,55,1,1,0.000487535,0.0033821,0.00386963,inf,-0.000390028,-0.0383481,
110.557,0.807968,1.30047,41,1,1,0.00996046,0.0209983,0.0309587,inf,0.00796837,-0.199526,
110.807,0.793272,1.12237,67,0.955754,1,0.00840943,0.293666,0.302076,inf,-0.00672754,1.04737,
111.058,0.796648,0.901807,67,0.824798,1,0.00418978,0.30411,0.3083,2.50529,-0.00335182,1.12681,
111.308,0.794085,0.98324,67,0.835382,1,0.00739343,0.305446,0.312839,1.86791,-0.00591474,1.13324,
111.561,0.790111,0.946258,67,0.748189,1,0.0123617,0.320144,0.332505,1.30714,-0.00988937,1.24626,
111.812,0.779769,1.14693,61,0.839541,1,0.0252888,0.319202,0.34449,1.06428,-0.020231,1.22193,
112.062,0.779026,1.15989,61,0.783731,1,0.0262177,0.329217,0.355434,0.827845,-0.0209742,1.30989,
112.312,0.779581,1.18371,61,0.793723,1,0.0255235,0.331627,0.357151,0.719693,-0.0204188,1.33371,
112.563,0.772774,1.15935,61,0.900113,1,0.0340322,0.302911,0.336943,0.651235,-0.0272257,1.08435,
112.813,0.769845,0.954763,67,1,1,0.0376941,0.205461,0.243155,inf,-0.0301552,0.579763,
113.064,0.769502,0.500944,67,1,1,0.0381231,0.0516399,0.0897631,inf,-0.0304985,0.125944,
113.315,0.769313,0.0922763,61,1,1,0.0383594,0.00714704,0.0455064,inf,-0.0306875,0.0172763,
113.564,0.763391,0.0617477,61,1,1,0.0457618,0.00552523,0.051287,inf,-0.0366094,-0.0132523,
113.815,0.761211,-0.0116847,61,1,1,0.0484859,0.00488572,0.0533716,inf,-0.0387887,-0.0116847,
114.066,0.758797,-0.0133811,61,1,1,0.0515033,0.193458,0.244961,inf,-0.0412027,1.11162,
114.316,0.764737,-0.308939,67,1,1,0.0440782,0.111777,0.155855,inf,-0.0352626,0.816061,
114.567,0.762553,-0.609322,67,0.988985,1,0.0468084,0.0538468,0.100655,inf,-0.0374467,0.515678,
114.817,0.763577,-0.847077,67,1,1,0.0651511,0.0316372,0.0967883,inf,0.0521209,0.277923,
115.067,0.548839,-0.959618,111,1,1,0.176571,0.0367996,0.213371,inf,0.141257,0.165382,
115.317,0.338223,-0.99346,122,1,1,0.264721,0.00423201,0.268953,1.64288,-0.211777,0.43154,
115.568,0.544108,-0.88234,111,1,1,0.0698647,0.0141391,0.0840038,inf,-0.0558918,0.24266,
115.819,0.753342,-1.03245,67,1,1,0.0583225,0.000475166,0.0587976,inf,-0.046658,0.0925477,
116.071,0.751411,-1.17744,61,1,1,0.0607366,0.00149748,0.0622341,inf,-0.0485893,0.075,
116.321,0.75215,-1.26154,55,1,1,0.0598121,0.00136824,0.0611803,inf,-0.0478497,0.075,
116.571,0.744504,-1.29125,57,0.926983,1,0.00687038,0.000909441,0.00777982,inf,-0.00549631,0,
116.825,0.794839,-1.35153,43,0.762681,1,0.0689516,0.00925205,0.0782036,inf,-0.0551613,0,
117.076,0.739726,-1.36825,50,0.711366,1,0.200343,0.0216429,0.221986,inf,-0.160274,0.075,
117.327,0.634097,-1.30146,73,0.749144,1,0.207379,0.0226909,0.23007,2.72227,-0.165903,0.075,
117.577,0.635632,-1.37716,64,0.649953,1,0.33046,0.0357282,0.366189,1.20463,-0.264368,0.15,
117.828,0.541769,-1.23044,91,0.640949,1,0.385289,0.0501826,0.435471,0.842625,-0.308231,0.075,
118.077,0.48832,-1.25455,91,0.631698,1,0.3896,0.0557778,0.445378,0.551812,-0.31168,0,
118.328,0.478958,-1.33911,81,0.874956,1,0.151303,0.00762898,0.158932,inf,-0.121042,0.15,
118.578,0.68704,-1.15036,81,1,1,0.0161996,0.00214878,0.0183484,3.92202,-0.0129597,0,
118.829,0.786684,-1.40645,43,1,1,0.0166448,0.00220805,0.0188528,inf,-0.0133158,0,
119.08,0.791162,-1.44289,37,1,1,0.011048,0.00146379,0.0125118,inf,-0.00883844,0,
119.329,0.801277,-1.2987,41,1,1,0.00159666,0.020008,0.0216046,inf,0.00127733,0.2013,
119.58,0.793816,-1.0849,67,0.994381,1,0.00772964,0.00256987,0.0102995,inf,-0.00618371,0.0401035,
119.83,0.780352,-1.26951,55,1,1,0.0245601,0.00326375,0.0278238,inf,-0.0196481,0,
120.08,0.77967,-1.28069,49,1,1,0.0254126,0.0113666,0.0367792,inf,-0.0203301,-0.0447163,
120.331,0.779953,-0.837361,67,1,1,0.0250584,0.00093185,0.0259903,inf,-0.0200467,0.0179222,
120.583,0.784143,-0.846092,67,1,1,0.0198212,0.00158666,0.0214079,1.65567,-0.015857,0.00919161,
120.832,0.784652,-0.796504,67,1,1,0.0191853,0.079778,0.0989633,3.32163,-0.0153482,-0.22376,
121.083,0.784838,-0.382118,67,1,1,0.0189525,0.0023042,0.0212567,inf,-0.015162,-0.00180009,
121.333,0.785544,-0.207052,67,1,1,0.0180695,0.00117752,0.019247,inf,-0.0144556,0.0069783,
121.584,0.784655,-0.182803,67,1,1,0.0191807,0.0103536,0.0295342,inf,-0.0153446,0.0312278,
121.833,0.786552,-0.15036,61,1,1,0.0168103,0.156597,0.173407,inf,-0.0134482,0.97464,
122.084,0.784694,-0.47006,67,1,1,0.0191322,0.0822571,0.101389,inf,-0.0153057,0.65494,
122.334,0.780479,-0.762653,67,1,1,0.0244007,0.0354407,0.0598414,inf,-0.0195205,0.362347,
122.584,0.778012,-0.994557,67,1,1,0.0274854,0.00848534,0.0359708,inf,-0.0219883,0.130443,
122.835,0.782465,-1.14402,61,1,1,0.0219193,0.00291113,0.0248304,inf,-0.0175354,0,
123.086,0.778043,-1.32071,49,1,1,0.0274459,0.00312136,0.0305673,inf,-0.0219567,0.075,
123.336,0.794751,-1.11818,67,1,1,0.006561,0.000267383,0.00682839,inf,-0.0052488,0.00682213,
123.587,0.797552,-1.23977,55,1,1,0.00305995,0.269187,0.272247,inf,-0.00244796,-0.9,
123.837,0.792974,-0.813939,67,1,1,0.00878216,0.160923,0.169705,inf,-0.00702573,-0.438939,
124.087,0.79395,-0.37481,67,0.933069,1,0.00756289,7.62182e-05,0.00763911,3.01839,-0.00605031,0.000190109,
124.338,0.786225,-0.0477816,61,0.933338,1,0.0172181,0.0110152,0.0282333,2.74798,-0.0137745,0.0272184,
124.588,0.788185,0.0408663,61,0.92055,1,0.0147686,0.0164892,0.0312578,2.54196,-0.0118149,0.0408663,
124.841,0.783107,0.0546565,61,0.902872,1,0.0211157,0.0221803,0.043296,2.38598,-0.0168926,0.0546565,
125.092,0.784716,0.0487646,61,0.842257,1,0.0191046,0.0497933,0.0688979,2.17409,-0.0152837,0.123765,
125.342,0.782074,0.120465,61,0.861376,1,0.0224081,0.0486479,0.0710561,2.07198,-0.0179265,0.120465,
125.592,0.783317,0.126929,67,0.842736,1,0.0208539,0.42435,0.445204,1.93367,-0.0166831,1.70193,
125.843,0.783706,0.14919,67,0.836037,1,0.0203671,0.43273,0.453097,1.85539,-0.0162937,1.72419,
126.093,0.776868,0.232267,67,0.871167,1,0.0289151,0.436517,0.465432,1.78695,-0.0231321,1.73227,
126.344,0.777952,0.222163,67,0.869898,1,0.0275596,0.432586,0.460146,1.75956,-0.0220477,1.72216,
126.594,0.775505,0.211886,67,0.861785,1,0.0306184,0.428939,0.459558,1.73161,-0.0244947,1.71189,
126.848,0.778726,0.184691,61,0.825042,1,0.0265919,0.418166,0.444758,1.68665,-0.0212736,1.68469,
127.102,0.778802,0.165118,67,0.832901,1,0.0264969,0.410543,0.43704,1.68686,-0.0211975,1.66512,
127.352,0.785411,0.16647,67,0.824629,1,0.0182368,0.410524,0.428761,1.66407,-0.0145895,1.66647,
127.603,0.78672,0.159064,67,0.81912,1,0.0165998,0.407543,0.424143,1.65674,-0.0132798,1.65906,
127.853,0.785441,0.140885,67,0.814809,1,0.0181993,0.400537,0.418736,1.65431,-0.0145595,1.64089,
128.104,0.783024,0.13444,61,0.787963,1,0.0212204,0.398166,0.419386,1.69297,-0.0169763,1.63444,
128.354,0.782104,0.12163,61,0.785873,1,0.0223699,0.393151,0.415521,1.74992,-0.0178959,1.62163,
128.604,0.784364,0.0935942,61,0.757825,1,0.019545,0.411435,0.43098,1.81594,-0.015636,1.66859,
128.855,0.78627,0.145368,67,0.817693,1,0.0171626,0.402235,0.419397,1.94802,-0.0137301,1.64537,
129.105,0.783902,0.139743,67,0.837885,1,0.0201223,0.370271,0.390394,2.35349,-0.0160978,1.56474,
129.356,0.774181,0.000766356,61,0.721381,1,0.0322739,0.375095,0.407369,2.56764,-0.0258191,1.57577,
129.606,0.776906,0.0755793,61,0.771316,1,0.0288672,0.374911,0.403778,2.84036,-0.0230938,1.57558,
129.859,0.779891,0.0521935,61,0.77682,1,0.0251359,0.365313,0.390448,3.07566,-0.0201087,1.55219,
130.11,0.778664,0.0626764,61,0.762783,1,0.0266695,0.369608,0.396278,3.71138,-0.0213356,1.56268,
130.362,0.775252,0.0671492,61,0.768716,1,0.0309347,0.371544,0.402478,3.57621,-0.0247477,1.56715,
130.616,0.770745,0.0257818,61,0.689229,1,0.036569,0.385429,0.421998,3.34403,-0.0292552,1.60078,
130.866,0.762319,0.033782,61,0.767721,1,0.0471011,0.358138,0.405239,3.18454,-0.0376809,1.53378,
131.116,0.764935,0.0321123,61,0.777681,1,0.0438318,0.357397,0.401228,2.9723,-0.0350654,1.53211,
131.367,0.762522,0.0353978,61,0.782542,1,0.0468481,0.358808,0.405656,2.79568,-0.0374785,1.5354,
131.618,0.760317,0.0374034,61,0.786085,1,0.0496032,0.359688,0.409291,2.58223,-0.0396825,1.5374,
131.868,0.760244,0.0354258,61,0.7924,1,0.0496947,0.358864,0.408558,2.40528,-0.0397558,1.53543,
132.121,0.757572,0.0337172,61,0.784423,1,0.0530351,0.00212333,0.0551584,2.19458,-0.0424281,-0.0204621,
132.371,0.758088,0.224649,67,0.881118,1,0.0523899,0.131019,0.183409,2.05182,-0.0419119,-0.900351,
132.621,0.757079,0.555325,67,0.967403,1,0.0536513,0.061475,0.115126,1.83026,-0.042921,-0.569675,
132.872,0.759773,0.812113,67,1,1,0.0502839,0.0252637,0.0755476,1.75817,-0.0402271,-0.312887,
133.123,0.76311,1.06607,67,1,1,0.0461131,0.000940283,0.0470534,1.78903,-0.0368905,-0.0589337,
133.373,0.77468,1.24726,55,1,1,0.0316499,0.00177648,0.0334264,2.08755,-0.0253199,-0.027745,
133.623,0.77535,1.19375,61,1,1,0.0308122,0.00324612,0.0340583,3.73243,-0.0246498,-0.0812547,
133.874,0.776383,1.33949,49,1,1,0.0295216,0.00301201,0.0325336,inf,-0.0236173,-0.0105081,
134.125,0.781695,1.35299,43,1,1,0.0228808,0.00148794,0.0243688,inf,-0.0183047,-0.0168595,
134.376,0.778644,1.14268,61,1,1,0.0266953,0.247743,0.274438,inf,-0.0213562,0.76768,
134.626,0.773411,0.74024,67,1,1,0.0332356,0.140438,0.173674,inf,-0.0265885,0.36524,
134.876,0.770959,0.345082,67,1,1,0.0363016,0.0123463,0.0486479,inf,-0.0290413,-0.0299183,
135.127,0.769645,-0.0270541,61,1,1,0.0379439,0.0111844,0.0491284,inf,-0.0303551,-0.0270541,
135.378,0.77482,0.00647791,61,1,1,0.0314751,0.0031634,0.0346385,inf,-0.0251801,0.00111217,
135.628,0.767552,0.145314,67,1,1,0.0405602,0.0433479,0.0839082,inf,-0.0324482,-0.19838,
135.88,0.768409,0.451669,67,1,1,0.125449,0.0917718,0.217221,inf,0.100359,-0.673331,
136.129,0.567327,0.424704,111,1,1,0.0408415,0.087466,0.128307,inf,-0.0326732,-0.700296,
136.379,0.768062,0.698941,67,1,1,0.0399224,0.127046,0.166968,inf,-0.0319379,0.323941,
136.629,0.772788,0.270555,67,1,1,0.0340148,0.0121224,0.0461372,inf,-0.0272119,-0.0294448,
136.88,0.771952,-0.0282753,61,1,1,0.0350595,0.0116539,0.0467135,inf,-0.0280476,-0.0282753,
137.13,0.770743,-0.0390795,61,1,1,0.0365708,0.0148241,0.0513949,inf,-0.0292566,0.0359205,
137.38,0.771063,0.0348829,61,1,1,0.0361717,0.0494103,0.085582,inf,-0.0289373,-0.172222,
137.631,0.772603,0.311815,67,1,1,0.0342457,0.00382232,0.038068,inf,-0.0273965,6.09807e-05,
137.881,0.779089,0.242948,67,1,1,0.0261386,0.00733147,0.0334701,inf,-0.0209109,0.0179475,
138.132,0.775969,0.0335794,61,1,1,0.0300383,0.214807,0.244845,inf,-0.0240306,-1.16642,
138.382,0.776255,0.316802,67,1,1,0.0296809,0.112333,0.142014,inf,-0.0237447,-0.808198,
138.632,0.774976,0.639011,67,1,1,0.0312804,0.0517612,0.0830416,inf,-0.0250243,-0.485989,
138.884,0.775466,0.826948,67,1,1,0.0306681,0.167967,0.198635,inf,-0.0245345,0.451948,
139.137,0.775638,0.423362,67,0.988891,1,0.0304522,0.0198212,0.0502734,inf,-0.0243618,0.0483616,
139.387,0.778897,0.0456629,61,0.993886,1,0.0263782,0.00192062,0.0282988,inf,-0.0211026,0.00562987,
139.637,0.780376,-0.0276484,61,0.99388,1,0.0245299,0.192418,0.216948,inf,-0.0196239,1.09735,
139.888,0.78533,-0.344113,67,1,1,0.0183369,0.108043,0.12638,inf,-0.0146695,0.780887,
140.139,0.779954,-0.640034,67,1,1,0.0250579,0.00647145,0.0315294,inf,-0.0200463,0.0396972,
140.388,0.77912,-0.500427,67,1,1,0.0261005,0.00354459,0.0296451,inf,-0.0208804,0.0293041,
140.64,0.778414,-0.513148,67,1,1,0.0269821,0.00409526,0.0310774,inf,-0.0215857,0.000295951,
140.89,0.777041,-0.565879,67,1,1,0.0286985,0.00151447,0.030213,inf,-0.0229588,0.0225649,
141.141,0.770819,-0.522135,67,1,1,0.0364757,0.0600374,0.096513,3.57517,-0.0291805,-0.147135,
141.391,0.767445,-0.159987,61,1,1,0.0406936,0.00414205,0.0448357,3.45335,-0.0325549,-0.00998704,
141.641,0.769207,-0.00774904,61,1,1,0.0384916,0.117399,0.15589,3.24823,-0.0307932,-0.426443,
141.892,0.769514,0.256609,67,1,1,0.0381072,0.00689576,0.045003,3.09167,-0.0304858,-0.0545589,
142.143,0.768476,0.574278,67,1,1,0.0394051,0.00620945,0.0456146,2.77432,-0.0315241,-0.065953,
142.392,0.767267,0.709971,67,1,1,0.0409165,0.00460111,0.0455177,inf,-0.0327332,-0.011648,
142.645,0.762019,0.782553,67,0.972655,1,0.0474764,0.0199559,0.0674323,inf,-0.0379811,0.0772214,
142.895,0.757341,0.847194,67,0.924375,1,0.0533243,0.177462,0.230786,inf,-0.0426595,0.472194,
143.146,0.755006,0.410219,67,0.930981,1,0.0562422,0.0148377,0.0710799,inf,-0.0449938,0.0352194,
143.397,0.754328,0.0492144,61,1,1,0.0570898,0.0108767,0.0679665,inf,-0.0456718,-0.0257856,
143.647,0.752349,-0.0277774,61,1,1,0.0595636,0.011747,0.0713105,inf,-0.0476509,-0.0277774,
143.897,0.752552,-0.0289108,61,1,1,0.0593098,0.0122225,0.0715323,inf,-0.0474479,-0.0289108,
144.147,0.753086,-0.0178643,61,1,1,0.0586421,0.00754937,0.0661915,inf,-0.0469137,-0.0178643,
144.397,0.756599,0.000376696,61,1,1,0.0542513,0.000158481,0.0544098,inf,-0.043401,0.000376696,
144.649,0.754189,-0.0289223,61,1,1,0.0572643,0.0122008,0.0694651,inf,-0.0458114,-0.0289223,
144.9,0.755775,-0.0253545,61,1,1,0.0552816,0.233092,0.288374,inf,-0.0442253,-1.22535,
145.149,0.754059,0.254494,67,1,1,0.0574262,0.122623,0.180049,inf,-0.0459409,-0.870506,
145.401,0.763351,0.504952,67,1,1,0.045811,0.0714938,0.117305,inf,-0.0366488,-0.620048,
145.652,0.756789,0.783884,67,1,1,0.0540141,0.0281853,0.0821994,inf,-0.0432113,-0.341116,
145.903,0.752627,0.998403,67,1,1,0.0592165,0.00361292,0.0628294,inf,-0.0473732,-0.126597,
146.154,0.759859,1.13674,61,1,1,0.0501762,0.250394,0.30057,inf,-0.040141,0.761742,
146.404,0.758079,0.681393,67,1,1,0.0524011,0.122262,0.174663,inf,-0.0419209,0.306393,
146.654,0.763315,0.297843,67,1,1,0.0458564,0.000899301,0.0467557,inf,-0.0366851,-0.00215655,
146.905,0.76235,-0.0319501,61,1,1,0.0470623,0.10028,0.147343,inf,-0.0376498,0.425658,
147.155,0.764187,-0.370737,67,0.897891,1,0.0447665,0.0851347,0.129901,inf,-0.0358132,0.370584,
147.406,0.764406,-0.404548,67,0.849314,1,0.044493,0.189102,0.233595,inf,-0.0355944,1.09545,
147.656,0.763191,-0.3903,67,0.792172,1,0.0460116,0.00638043,0.0523921,inf,-0.0368093,-0.0153,
147.907,0.765717,-0.00793546,61,0.953497,1,0.0428539,0.00329867,0.0461525,inf,-0.0342831,-0.00793546,
148.157,0.764064,-0.00490755,61,0.953553,1,0.0449196,0.00204446,0.0469641,inf,-0.0359357,-0.00490755,
148.407,0.763648,-0.0119515,61,0.953568,1,0.0454396,0.0993081,0.144748,inf,-0.0363517,-0.349257,
148.658,0.770188,0.232609,67,1,1,0.0372652,0.00543476,0.0427,inf,-0.0298122,-0.0459841,
148.908,0.76662,0.549418,67,1,1,0.0417245,0.0712082,0.112933,inf,-0.0333796,0.174418,
149.158,0.768065,0.168645,67,1,1,0.0399192,0.0077257,0.0476449,inf,-0.0319354,0.0186454,
149.409,0.765666,-0.0102565,61,1,1,0.0429179,0.00426369,0.0471816,inf,-0.0343343,-0.0102565,
149.66,0.76844,-0.0162879,61,1,1,0.0394501,0.0067459,0.046196,inf,-0.03156,-0.0162879,
149.91,0.767029,-0.00705346,61,1,1,0.0412132,0.00292704,0.0441403,inf,-0.0329706,-0.00705346,
150.16,0.764541,-0.00260639,61,1,1,0.0443238,0.225957,0.270281,inf,-0.0354591,-1.20261,
150.411,0.765983,0.282545,67,1,1,0.644979,0.0174548,0.662434,inf,0.515983,-0.0174548,
150.661,0.60812,0.446594,100,1,1,0.44765,0.215943,0.663593,inf,0.35812,-0.678406,
150.911,0.358604,0.700139,122,1,1,0.135755,0.135237,0.270992,inf,0.108604,-0.424861,
151.163,0.256445,0.449352,122,1,1,0.00805626,0.215065,0.223122,inf,0.00644501,-0.675648,
151.412,0.018296,0.637683,67,1,1,0.02287,0.155118,0.177988,inf,0.018296,-0.487317,
151.663,0.00771653,0.913519,67,1,1,0.00964566,0.0673164,0.076962,inf,0.00771653,-0.211481,
151.913,0.0108794,1.13834,51,1,1,0.0135992,0.0196282,0.0332275,inf,0.0108794,-0.0616639,
152.165,0.00826477,1.40854,43,1,1,0.010331,0.00523888,0.0155698,inf,0.00826477,-0.0164584,
152.417,0.00859562,1.43784,37,1,1,0.0107445,0.0197858,0.0305303,inf,0.00859562,-0.0621589,
152.668,0.022231,1.23234,55,1,1,0.0277888,0.0135782,0.041367,inf,0.022231,-0.0426573,
152.918,0.0204212,1.43055,37,1,1,0.0255264,0.0221068,0.0476333,inf,0.0204212,-0.0694507,
153.169,0.041845,1.01995,67,1,1,0.635194,0.0206966,0.65589,3.63603,-0.508155,-0.855049,
153.419,0.313111,0.278202,122,1,1,0.296112,0.0123157,0.308427,3.33158,-0.236889,-0.0217982,
153.671,0.389733,1.05659,122,0.988887,1,0.200334,0.26008,0.460414,inf,-0.160267,0.68159,
153.921,0.550894,1.24198,91,0.921411,1,0.0613819,0.00151079,0.0628927,inf,-0.0491055,-0.108024,
154.171,0.761572,1.2082,55,0.736486,1,0.110534,0.567421,0.677955,inf,-0.0884275,2.07045,
154.421,0.716987,1.22902,64,0.712497,1,0.166267,0.60661,0.772877,inf,-0.133013,2.17906,
154.672,0.664933,1.31481,65,0.693512,0.597782,0.0438342,0.659081,0.822408,1.04297,-0.0350673,2.66481,
154.923,0.771879,1.02031,67,0.485128,0.623556,0.00259334,0.680958,0.802676,0.800249,0.00207467,2.52031,
155.174,0.668009,0.88259,89,0.416305,0.491075,0.0055737,0.641769,0.826819,0.546089,0.00445896,2.00759,
155.425,0.478383,0.536051,111,0.467046,0.69152,0.285479,0.161051,0.617264,0.440969,0.228383,0.161051,
155.676,0.386539,1.03605,122,0.353211,0.530587,0.170674,0.661046,0.910713,0.325932,0.136539,0.661046,
155.926,0.13598,0.594314,89,0.625996,1,0.0449744,0.219314,0.264288,0.3297,0.0359795,0.219314,
156.177,0.0357797,0.207421,68,0.741279,1,0,0,0,0.365235,0,0,
156.427,-0.00221787,0.000114348,
156.679,-0.0404625,1.037,
156.928,-0.278163,1.05664,
157.178,-0.548518,0.90094,
157.428,-0.552064,-0.0138719,
157.679,-0.380694,0.296409,
157.933,-0.148581,-0.24268,
158.179,0.0210676,-1.17227,61,0.847109,1,0.0263345,0,0.0263345,2.39145,0.0210676,0,
158.433,0.028888,-1.28045,41,0.846839,1,0.03611,0,0.03611,1.17212,0.028888,0,
158.683,0.02912,-1.45795,31,0.794628,1,0.0364,0,0.0364,0.439567,0.02912,0,
158.934,0.0238303,-1.34761,49,0.714773,1,0.0297879,0,0.0297879,0.328032,0.0238303,0,
159.185,0.0149366,-1.35897,43,0.690589,1,0.0186707,0,0.0186707,0.243285,0.0149366,0,
159.434,0.0214879,-1.3674,43,0.699262,1,0.0268599,0,0.0268599,0.248137,0.0214879,0,
159.685,0.0350453,-1.37067,43,0.708449,1,0.0438067,0,0.0438067,0.266038,0.0350453,0,
159.935,0.0380091,-1.37069,43,0.750963,1,0.0475113,0,0.0475113,0.28625,0.0380091,0,
160.186,0.0388376,-1.42954,37,1,1,0.0485469,0,0.0485469,0.44598,0.0388376,0,
160.436,0.0216877,-1.22201,55,1,1,0.0271097,0,0.0271097,inf,0.0216877,0,
160.688,0.0145836,-1.35121,43,1,1,0.0182295,1.05,1.06823,inf,0.0145836,-1.05,
160.938,0.0150763,-0.917393,56,1,1,0.731155,0.379834,1.11099,inf,-0.584924,-0.542393,
161.188,-0.0194966,0.0195795,
161.439,0.259669,0.31931,122,0.990616,1,0.362913,0.012054,0.374967,inf,-0.290331,0.0193098,
161.689,0.508743,0.0313816,101,1,1,0.114071,0.0140849,0.128156,inf,-0.0912567,0.0313816,
161.939,0.635273,0.376915,100,1,1,0.0184088,0.0193691,0.0377779,inf,-0.0147271,-0.113316,
162.191,0.784781,0.669746,67,1,1,0.0190234,0.00552736,0.0245507,inf,-0.0152187,-0.0454854,
162.441,0.790047,0.673154,67,1,1,0.0124408,0.00291368,0.0153545,inf,-0.00995264,-0.0257895,
162.692,0.790334,0.70107,67,1,1,0.0120831,0.00232773,0.0144108,inf,-0.00966648,0.00212634,
162.941,0.790048,0.80281,67,1,1,0.0124405,0.00689487,0.0193353,inf,-0.00995236,-0.0461334,
163.192,0.799406,0.66228,67,1,1,0.000742244,0.00690267,0.00764492,3.01514,-0.000593796,-0.0366635,
163.441,0.799894,0.764237,67,1,1,0.00013241,0.0314151,0.0315475,3.4183,-0.000105928,-0.279423,
163.692,0.801144,1.10059,56,1,1,0.00142982,0.0443286,0.0457584,2.45534,0.00114386,-0.399407,
163.943,0.799708,1.05355,67,1,1,0.000364783,0.00648804,0.00685282,inf,-0.000291826,-0.071453,
164.193,0.795499,1.3486,49,1,1,0.00562653,0.000621516,0.00624804,inf,-0.00450122,-0.00140011,
164.444,0.799095,1.40536,43,1,1,0.00113126,0.0015977,0.00272896,inf,-0.000905009,-0.0196399,
164.695,0.793337,1.40043,43,1,1,0.00832888,0.290401,0.29873,3.70704,-0.00666311,1.02543,
164.946,0.799991,0.971315,67,0.932221,1,1.15892e-05,0.203894,0.203906,inf,-9.27132e-06,0.596315,
165.196,0.799732,0.55651,67,0.918055,1,0.000334669,0.0710411,0.0713757,inf,-0.000267735,0.18151,
165.447,0.799208,0.171582,61,1,1,0.000989436,0.00859372,0.00958316,inf,-0.000791549,0.0215822,
165.697,0.801146,0.0144807,51,1,1,0.061068,0.201602,0.26267,inf,-0.0488544,1.13948,
165.95,0.752063,-0.32161,61,1,1,0.0599218,0.10622,0.166142,inf,-0.0479374,0.80339,
166.2,0.750168,-0.640304,67,1,1,0.0622904,0.046593,0.108883,inf,-0.0498323,0.484696,
166.451,0.748146,-0.907926,78,1,1,0.00231793,0.187396,0.189714,inf,-0.00185434,-0.532926,
166.702,0.798084,-0.489618,67,0.972279,1,0.00239538,0.179061,0.181457,1.86598,-0.00191631,-0.462409,
166.953,0.798119,-0.252406,67,0.876493,1,0.00235183,0.263077,0.265429,1.76404,-0.00188146,-0.710649,
167.203,0.797194,-0.238996,67,0.858032,1,0.00350779,0.00736956,0.0108774,1.68268,-0.00280624,0.0267729,
167.454,0.791473,-0.425395,67,0.955318,1,0.0106593,0.00942436,0.0200837,1.76813,-0.00852744,0.0391875,
167.705,0.793853,-0.471992,67,1,1,0.00768396,0.0386989,0.0463828,1.95589,-0.00614717,-0.0969919,
167.956,0.794191,-0.0904912,61,0.852619,1,0.00726072,0.0361129,0.0433736,inf,-0.00580857,-0.0904912,
168.206,0.796905,-0.0951103,61,0.843693,1,0.00386926,0.0378113,0.0416806,inf,-0.00309541,-0.0951103,
168.457,0.796841,-0.0736285,61,0.837342,1,0.00394862,0.235375,0.239324,inf,-0.00315889,-0.678408,
168.708,0.794905,-0.0846013,61,0.825517,1,0.00636903,0.377792,0.384161,inf,-0.00509523,-1.5846,
168.958,0.791995,-0.091474,61,0.821126,1,0.0100059,0.380644,0.39065,inf,-0.00800472,-1.59147,
169.209,0.792712,-0.0878927,61,0.852652,1,0.00910987,0.349218,0.358328,inf,-0.00728789,-1.51289,
169.46,0.792885,-0.011291,61,0.789823,1,0.678607,0.011291,0.689898,inf,0.542885,-0.011291,
169.711,0.593675,-0.00882039,101,0.79157,1,0.429594,0.00882039,0.438415,inf,0.343675,-0.00882039,
169.961,0.338036,-0.0391196,111,0.875689,1,0.110045,0.0358804,0.145925,inf,0.0880358,0.0358804,
170.212,0.177806,-0.264491,92,0.997908,1,0,0,0,inf,0,0,
170.463,-0.00958778,0.0682261,
170.713,0.00333774,0.0125293,52,0.947028,1,0,0,0,inf,0,0,
170.964,0.00157324,0.0304032,52,0.933632,1,0,0,0,inf,0,0,
171.215,0.0137773,-0.0854977,62,0.953682,1,0,0,0,inf,0,0,
171.465,-0.000507329,0.00398369,
171.716,0.012059,-0.0971619,62,0.969688,1,0,0,0,inf,0,0,
171.967,0.00949253,-0.0867311,62,0.961646,1,0,0,0,inf,0,0,
172.217,0.00770644,-0.0530248,62,0.960174,1,0,0,0,inf,0,0,
172.468,-0.0066546,0.0134757,
172.718,0.00764044,-0.0382769,62,0.961023,1,0,0,0,inf,0,0,
172.97,0.0138149,-0.083336,62,0.969747,1,0,0,0,inf,0,0,
173.22,0.0097341,-0.0526533,52,0.973073,1,0,0,0,inf,0,0,
173.472,-0.00478755,0.0921988,
173.723,0.0112764,-0.0950782,62,0.987283,1,0,0,0,inf,0,0,
173.973,0.00477813,-0.00517509,62,0.967267,1,0,0,0,inf,0,0,
174.224,0.0147591,-0.0904197,62,0.979727,1,1.08095,0.0744069,1.15536,inf,0,0,
174.474,-0.196703,-0.387216,
174.725,-0.466458,-0.00791729,
174.976,-0.685238,-0.102134,
175.228,-0.792293,-0.0351417,
175.478,-0.795992,1.4335,
175.728,-0.795964,1.42304,
175.981,-0.626319,1.41949,
176.23,-0.398817,1.53738,
176.481,-0.153544,1.26083,
176.732,0.0723422,1.41799,50,1,1,0.597072,0.565245,1.16232,inf,-0.477658,1.48494,
176.983,0.293656,1.16499,111,1,1,0.32043,0.473703,0.794133,inf,-0.256344,1.24818,
177.234,0.472774,1.09863,111,1,1,0.159032,0.538238,0.69727,3.42981,-0.127226,1.6702,
177.485,0.670308,0.654161,89,1,1,0.0371152,0.454712,0.491827,2.84898,-0.0296922,1.77916,
177.736,0.77597,0.207417,67,0.972221,1,0.0300369,0.276338,0.306375,2.41188,-0.0240296,1.33242,
177.987,0.771177,-0.119963,61,0.94562,1,0.0360293,0.162411,0.19844,2.23831,-0.0288234,1.00504,
178.237,0.767067,-0.470263,67,0.983403,1,0.041166,0.0786163,0.119782,2.04953,-0.0329328,0.654737,
178.487,0.771215,-0.727217,67,1,1,0.0359817,0.0383765,0.0743581,1.96258,-0.0287853,0.397783,
178.739,0.767006,-0.985743,67,1,1,0.0412427,0.00742241,0.0486651,2.06161,-0.0329942,0.139257,
178.989,0.758228,-1.25113,55,1,1,0.0522147,0.000308284,0.052523,2.44536,-0.0417718,0.075,
179.239,0.759638,-1.21241,55,1,1,0.0504527,6.29866e-05,0.0505157,inf,-0.0403621,0.075,
179.491,0.746253,-1.28753,57,1,1,0.00468336,0.000619642,0.005303,inf,-0.00374669,0,
179.741,0.806702,-1.24894,46,0.918599,1,0.0541227,0.000574127,0.0546968,inf,-0.0432982,0.075,
179.992,0.754266,-1.21172,55,0.853745,1,0.0571676,0.000998872,0.0581665,inf,-0.0457341,0.075,
180.243,0.739413,-1.27968,57,0.785031,1,0.0757343,0.0101771,0.0859114,inf,-0.0605875,0,
180.494,0.741632,-1.28363,57,0.712804,1,0.13546,0.335668,0.471128,inf,-0.108368,-1.43246,
180.744,0.684733,-1.36618,57,0.668562,1,0.206584,0.0285366,0.235121,inf,-0.165267,0,
180.996,0.642604,-1.24404,82,0.652096,1,0.196745,0.371164,0.567909,1.13289,-0.157396,-1.5,
181.245,0.634351,-1.24631,82,0.653953,0.299843,0.0195617,0.615863,0.890684,0.542293,-0.0156493,-2.4,
181.496,0.775955,-0.803238,67,0.383426,0.487187,0.657443,0.428238,1.04174,0.56864,0.525955,-0.428238,
181.746,0.525542,-0.405721,111,0.412412,0.0476729,1.90693,0.0134697,1.04388,inf,0,0,
181.996,0.439062,-1.02056,111,1,1,1.23633,0.409314,1.64564,inf,0,0,
182.248,0.141739,-1.42847,49,1,1,1.05217,0.488196,1.54037,3.96868,0,0,
182.498,-0.0135926,-0.641233,
182.749,-0.323983,-1.03132,
182.999,-0.572934,-1.04434,
183.251,-0.177011,-3.35071,
183.501,-0.142735,-1.23031,
183.752,0.0687475,-0.756277,78,1,1,0.601566,0.278357,0.879923,2.79378,-0.481252,-0.381277,
184.002,-0.0304376,-0.154831,
184.252,-0.0216789,-0.199831,
184.503,0.0575501,-0.161718,79,1,1,0.615562,0.0121218,0.627684,2.79884,-0.49245,-0.0117177,
184.754,0.298017,-0.2143,111,1,1,0.314979,0.00621448,0.321193,2.89547,-0.251983,0.0107005,
185.005,0.492124,-0.13901,111,1,1,0.134845,0.14071,0.275555,2.87977,-0.107876,0.98599,
185.255,0.694093,-0.458417,89,1,1,0.00738421,0.0863521,0.0937363,2.78888,-0.00590737,0.666583,
185.507,0.797146,-0.691768,67,1,1,0.00356732,0.0483143,0.0518816,2.83643,-0.00285386,0.433232,
185.757,0.796161,-0.945923,67,1,1,0.00479835,0.0167011,0.0214994,3.41981,-0.00383868,0.179077,
186.008,0.79325,-1.09673,67,1,1,0.00843806,0.00139893,0.00983699,inf,-0.00675045,0.0282711,
186.258,0.791146,-1.23656,55,1,1,0.0110669,0.0014663,0.0125332,inf,-0.00885353,0,
186.509,0.785086,-1.31308,49,1,1,0.0186422,0.0024741,0.0211163,inf,-0.0149137,0,
186.759,0.787167,-1.32937,49,1,1,0.0160416,0.00212775,0.0181694,inf,-0.0128333,0,
187.01,0.774142,-1.34287,49,1,1,0.0323226,0.00244925,0.0347719,inf,-0.0258581,0.075,
187.261,0.779083,-1.19809,61,0.987771,1,0.0261468,0.00330014,0.0294469,inf,-0.0209174,0.075,
187.511,0.783574,-1.16361,61,0.902625,1,0.020533,0.00272617,0.0232591,inf,-0.0164264,0,
187.761,0.785267,-1.19797,61,0.798936,1,0.0184161,0.00244399,0.0208601,inf,-0.0147329,0,
188.012,0.780689,-1.29259,49,0.788857,1,0.0241384,0.00320741,0.0273458,inf,-0.0193107,0,
188.263,0.771516,-1.35878,43,0.688567,1,0.160606,0.366017,0.526622,1.27735,-0.128484,-1.5,
188.513,0.699553,-1.14119,81,0.611708,1,0.250559,0.373231,0.62379,0.964395,-0.200447,-1.425,
188.765,0.586287,-1.25781,91,0.636628,1,0.267141,0.381398,0.648539,0.693316,-0.213713,-1.5,
189.016,0.580013,-1.28226,81,0.5773,1,0.337484,0.386655,0.724139,0.585662,-0.269987,-1.425,
189.266,0.527639,-1.3921,71,0.914973,1,0.0904514,0.334926,0.425378,inf,-0.0723612,-1.275,
189.518,0.7191,-1.12091,78,1,1,0.0386249,0.245127,0.283752,inf,-0.0308999,-0.745906,
189.769,0.773449,-0.667508,67,1,1,0.654311,0.292508,0.946819,3.06877,0.523449,-0.292508,
190.02,0.525782,-0.244221,101,1,1,0.344728,0.0192207,0.363948,2.79214,0.275782,-0.0192207,
190.27,0.448408,-0.996206,111,1,1,0.24801,0.621206,0.869216,2.50714,0.198408,-0.621206,
190.52,0.237502,-0.879103,111,1,1,0.0468778,0.504103,0.55098,2.43999,0.0375023,-0.504103,
190.771,0.0394435,-0.468218,67,1,1,0.0493044,0.0932185,0.142523,2.50426,0.0394435,-0.0932185,
191.021,0.0407997,-0.0722088,62,1,1,0,0,0,2.56251,0,0,
191.272,-0.00248015,0.0151436,
191.523,-0.00466658,0.0296935,
191.774,0.0409498,1.04117,67,1,1,0.0511872,0.0266837,0.0778709,2.50115,0.0409498,-0.0838294,
192.023,0.0473929,1.24843,55,1,1,0.0592412,0.00845699,0.0676982,2.37325,0.0473929,-0.0265684,
192.274,0.049964,1.19185,61,1,1,0.062455,0.00259265,0.0650477,2.45319,0.049964,-0.00814505,
192.525,0.04986,1.26116,55,1,1,0.625175,0.0520982,0.677273,2.77725,-0.50014,-0.613837,
192.776,0.264077,1.1228,122,1,1,0.357404,0.308297,0.6657,inf,-0.285923,0.747802,
193.029,0.492881,0.800335,111,0.931803,1,0.133898,0.175246,0.309144,inf,-0.107119,0.425335,
193.28,0.64913,0.535025,100,0.996584,1,0.00108718,0.0629093,0.0639965,inf,-0.000869746,0.160025,
193.53,0.795031,0.166277,67,1,1,0.00621108,0.262319,0.26853,inf,-0.00496886,1.29128,
193.781,0.798353,-0.195201,61,1,1,0.00205867,0.146624,0.148682,3.8615,-0.00164694,0.929799,
194.032,0.79991,-0.506818,67,1,1,0.000113109,0.0785507,0.0786638,3.74488,-9.04871e-05,0.618182,
194.283,0.808458,-0.715137,56,1,1,0.0519276,0.13419,0.186118,inf,-0.0415421,-0.340137,
194.533,0.755478,-0.329032,67,1,1,0.0556522,0.0122263,0.0678785,inf,-0.0445217,-0.0290323,
194.784,0.758547,-0.0330201,61,1,1,0.0518168,0.0138475,0.0656644,inf,-0.0414535,-0.0330201,
195.035,0.752303,0.0144833,61,1,1,0.0596219,0.00612733,0.0657492,inf,-0.0476975,0.0144833,
195.286,0.749831,0.0153636,71,1,1,0.00021116,0.209538,0.20975,inf,-0.000168928,1.14036,
195.537,0.798651,-0.348701,67,0.988727,1,0.00168657,0.145758,0.147444,inf,-0.00134925,0.926299,
195.787,0.800655,-0.502452,56,0.967532,1,0.000819147,0.0545735,0.0553926,inf,0.000655317,0.216194,
196.037,0.795674,-0.449116,67,0.922563,1,0.0054076,0.00547578,0.0108834,inf,-0.00432608,0.0189774,
196.289,0.800759,-0.359125,56,0.910685,1,0.000948251,0.0111814,0.0121296,inf,0.000758601,0.0339685,
196.538,0.801881,-0.305747,56,0.930756,1,0.00235166,0.0294264,0.0317781,inf,0.00188133,0.0873463,
196.79,0.794996,-0.335584,67,0.945599,1,0.00625497,0.111869,0.118124,inf,-0.00500398,0.789416,
197.041,0.789344,-0.638167,67,0.82931,1,0.0133201,0.039729,0.0530491,inf,-0.0106561,0.239792,
197.292,0.789134,-0.735667,67,0.770076,1,0.0135829,0.0472303,0.0608132,3.86852,-0.0108663,-0.13035,
197.543,0.79155,-0.344436,67,0.981654,1,0.0105627,0.0122849,0.0228477,inf,-0.0084502,0.0305645,
197.792,0.789409,0.0332632,61,1,1,0.0132388,0.0134047,0.0266435,inf,-0.0105911,0.0332632,
198.043,0.78256,-0.020094,61,1,1,0.0218003,0.00817151,0.0299718,inf,-0.0174402,-0.020094,
198.293,0.775869,-0.0615732,61,1,1,0.0301643,0.00550798,0.0356722,inf,-0.0241314,0.0134268,
198.543,0.778309,0.00317417,61,1,1,0.0271143,0.00129815,0.0284125,3.98941,-0.0216915,0.00317417,
198.793,0.778992,-0.0012037,61,0.993886,1,0.0262605,0.000491853,0.0267523,3.76956,-0.0210084,-0.0012037,
199.044,0.781448,-0.0041524,61,0.981596,1,0.0231896,0.0016914,0.0248809,3.66549,-0.0185516,-0.0041524,
199.294,0.783694,0.00829043,61,0.938972,1,0.0203828,0.00336717,0.02375,3.40099,-0.0163063,0.00829043,
199.544,0.788466,0.046088,61,0.895703,1,0.0144171,0.0116668,0.0260839,3.22506,-0.0115337,-0.028912,
199.795,0.782413,-0.0608983,61,0.916728,1,0.0219833,0.00850767,0.030491,3.01293,-0.0175867,0.0229305,
200.046,0.785371,-0.0760269,61,0.921649,1,0.0182865,0.178108,0.196394,2.92994,-0.0146292,1.04897,
200.297,0.784584,-0.399892,67,1,1,0.0192698,0.09602,0.11529,3.43558,-0.0154158,0.725108,
200.547,0.782157,-0.731614,67,1,1,0.0223035,0.0398904,0.0621939,inf,-0.0178428,0.393386,
200.798,0.784542,-1.05294,67,1,1,0.0193231,0.00396026,0.0232833,inf,-0.0154585,0.0720586,
201.049,0.782773,-1.35646,43,1,1,0.0215338,0.296086,0.31762,inf,-0.017227,-1.05,
201.299,0.785096,-0.95867,67,1,1,0.01863,0.203492,0.222122,inf,-0.014904,-0.58367,
201.549,0.787345,-0.55221,67,1,1,0.0158187,0.0704686,0.0862873,inf,-0.012655,-0.17721,
201.8,0.790664,-0.173805,61,1,1,0.0116697,0.00958077,0.0212505,inf,-0.00933577,-0.0238053,
202.049,0.788525,-0.0239186,61,1,1,0.0143432,0.00965245,0.0239956,inf,-0.0114745,-0.0239186,
202.3,0.785372,-0.0202752,61,1,1,0.0182855,0.0082157,0.0265012,inf,-0.0146284,-0.0202752,
202.55,0.786679,-0.0128173,61,1,1,0.0166514,0.00518573,0.0218371,inf,-0.0133211,-0.0128173,
202.801,0.790878,0.00137022,61,1,1,0.0114025,0.000551479,0.011954,inf,-0.00912204,0.00137022,
203.052,0.788818,-0.0135508,61,1,1,0.0139781,0.00546759,0.0194457,inf,-0.0111825,-0.0135508,
203.303,0.786623,-0.0137398,61,1,1,0.0167214,0.00555932,0.0222808,inf,-0.0133772,-0.0137398,
203.553,0.78443,-0.0130866,61,1,1,0.0194624,0.00530986,0.0247723,inf,-0.01557,-0.0130866,
203.803,0.784839,-0.0123939,61,1,1,0.0189516,0.00502624,0.0239779,inf,-0.0151613,-0.0123939,
204.054,0.78648,-0.0126127,61,1,1,0.0169005,0.00510428,0.0220048,inf,-0.0135204,-0.0126127,
204.305,0.783038,-0.00926641,61,1,1,0.021203,0.00376668,0.0249697,inf,-0.0169624,-0.00926641,
204.555,0.779229,0.0404731,61,1,1,0.0259638,0.0140948,0.0400586,inf,-0.020771,-0.0345269,
204.806,0.778267,-0.0354428,61,1,1,0.0271668,0.014486,0.0416528,inf,-0.0217334,-0.0354428,
205.057,0.777176,-0.0320663,61,1,1,0.0285301,0.137736,0.166266,3.90043,-0.0228241,-0.499622,
205.307,0.772967,0.251294,67,1,1,0.0337914,0.11333,0.147122,3.16239,-0.0270331,-0.727265,
205.559,0.778478,0.520134,67,1,1,0.0269028,0.0586699,0.0855727,3.31786,-0.0215222,0.145134,
205.809,0.775518,0.143572,67,1,1,0.0306029,0.00263823,0.0332412,3.46338,-0.0244824,-0.00642784,
206.06,0.772749,-0.0272799,61,1,1,0.0340642,0.0112324,0.0452966,3.35316,-0.0272513,-0.0272799,
206.312,0.770392,-0.0305315,61,1,1,0.0370094,0.0126084,0.0496178,3.08622,-0.0296075,-0.0305315,
206.563,0.772137,-0.0284773,61,0.987825,1,0.0348287,0.0117343,0.046563,2.91678,-0.0278629,-0.0284773,
206.816,0.775122,-0.0529316,61,0.963545,1,0.0310978,0.00906012,0.0401579,2.66584,-0.0248783,0.0220684,
207.064,0.773511,0.0393787,61,0.921337,1,0.0331118,0.0161909,0.0493026,2.51062,-0.0264894,0.0393787,
207.315,0.76882,0.00251586,61,0.849529,1,0.0389755,0.0319853,0.0709608,2.30187,-0.0311804,0.0775159,
207.565,0.769862,0.0715664,61,0.813969,1,0.0376722,0.0295053,0.0671775,2.19008,-0.0301378,0.0715664,
207.817,0.768495,0.0709251,61,0.793488,1,0.0393813,0.0597309,0.0991123,1.9997,-0.0315051,0.145925,
208.067,0.766031,0.138959,67,0.800341,1,0.0424611,0.0571205,0.0995816,1.91851,-0.0339689,0.138959,
208.319,0.764208,0.135453,67,0.776885,1,0.0447395,0.36917,0.413909,inf,-0.0357916,1.56045,
208.57,0.76576,0.062307,61,0.736409,1,0.0428,0.400517,0.443317,inf,-0.03424,1.63731,
208.821,0.764341,0.107949,61,0.762866,1,0.0445735,0.388702,0.433275,inf,-0.0356588,1.60795,
209.072,0.7639,0.0858818,61,0.773731,1,0.0451252,0.379678,0.424803,inf,-0.0361001,1.58588,
209.324,0.766074,0.0822021,61,0.80777,1,0.0424071,0.347034,0.389441,inf,-0.0339257,1.5072,
209.576,0.761872,0.0376634,61,0.68324,1,0.0476604,0.390774,0.438434,inf,-0.0381284,1.61266,
209.833,0.760013,0.121193,61,0.812924,1,0.0499844,0.331983,0.381967,3.90192,-0.0399875,1.47119,
210.079,0.758362,-0.030636,61,0.595162,1,0.052048,0.362642,0.41469,3.74897,-0.0416384,1.54436,
210.333,0.75203,-0.00859284,61,0.257315,1,0.0599621,0.308804,0.368766,3.51805,-0.0479697,1.41641,
210.585,0.75032,-0.0610303,61,0,0,0.0620999,0.318208,1,3.39228,-0.0496799,1.43897,
210.838,0.752771,-0.0648785,61,1,1,0.0590366,0.17571,0.234747,3.19709,-0.0472293,1.06012,
211.088,0.753336,-0.404787,67,1,1,0.0583305,0.0885504,0.146881,3.14541,-0.0466644,0.720213,
211.34,0.760772,-0.665254,67,1,1,0.0490354,0.0450374,0.0940729,3.37053,-0.0392283,0.459746,
211.592,0.759618,-0.942622,67,1,1,0.0504776,0.010507,0.0609846,3.92771,-0.0403821,0.182378,
211.843,0.758325,-1.27657,49,1,1,0.052094,0.000291477,0.0523855,3.30854,-0.0416752,0.075,
212.095,0.77213,-1.17502,61,1,1,0.0348371,0.0021021,0.0369392,2.97747,-0.0278697,0.075,
212.346,0.770395,-1.17601,61,1,1,0.0370057,0.00180238,0.038808,2.87079,-0.0296045,0.075,
212.596,0.768985,-1.35713,43,1,1,0.0387683,0.00155854,0.0403268,3.06143,-0.0310146,0.075,
212.847,0.777126,-1.30008,49,0.67997,1,0.216092,0.029908,0.246,inf,-0.172874,0,
213.098,0.627138,-1.44418,55,0.674504,0.559223,0.0285769,0.307576,0.628762,inf,-0.0228615,-1.125,
213.35,0.786163,-0.923727,67,0.560499,0.53269,0.0172967,0.193968,0.579849,inf,-0.0138374,-0.548727,
213.6,0.780266,-0.492398,67,0.716672,1,0.0246681,0.391578,0.416246,inf,-0.0197345,-1.6174,
213.853,0.780331,-0.105992,61,0.880591,1,0.0245863,0.266475,0.291062,inf,-0.0196691,-1.30599,
214.105,0.78126,0.155813,67,1,1,0.0234255,0.154078,0.177504,inf,-0.0187404,-0.969187,
214.357,0.78177,0.470394,67,1,1,0.0227875,0.0816017,0.104389,inf,-0.01823,-0.654606,
214.607,0.784574,0.75342,67,1,1,0.0192829,0.0374324,0.0567153,inf,-0.0154263,-0.37158,
214.859,0.77852,1.06872,67,1,1,0.0268497,0.00146152,0.0283112,inf,-0.0214798,-0.0562783,
215.109,0.777215,1.38716,43,1,1,0.0284811,0.000441695,0.0289228,inf,-0.0227849,-0.037839,
215.359,0.782743,1.23189,55,1,1,0.0215718,0.264385,0.285957,3.04054,-0.0172574,0.856892,
215.611,0.783476,0.817822,67,0.988835,1,0.0206554,0.206184,0.22684,2.47555,-0.0165244,0.592822,
215.862,0.787782,0.503072,67,0.864794,1,0.0152726,0.220326,0.235599,2.02484,-0.012218,0.653072,
216.113,0.787438,0.628109,67,0.888461,1,0.015702,0.23201,0.247712,1.80629,-0.0125616,0.703109,
216.364,0.790201,0.648965,67,0.853214,1,0.0122482,0.236085,0.248333,1.54239,-0.00979854,0.723965,
216.615,0.791731,0.629648,67,0.84288,1,0.010336,0.575538,0.585874,1.39001,-0.0082688,2.20465,
216.866,0.796115,0.63004,67,0.831137,1,0.0624225,0.627846,0.690269,1.21048,0.049938,1.98004,
217.115,0.577236,0.58687,111,0.879022,1,0.0253488,0.617751,0.6431,1.11237,0.020279,2.01187,
217.369,0.573855,0.44775,111,0.821911,1,0.404819,0.14775,0.552569,1.02019,0.323855,0.14775,
217.62,0.386943,0.550464,122,0.946407,0.754707,1.42118,0.152824,1.4332,1.00856,0,0,
217.87,0.171257,0.604178,100,1,1,1.08907,0.404046,1.49312,1.03658,0,0,
218.122,-0.0665564,0.56461,
218.373,-0.297836,0.456161,
218.624,-0.529603,0.537274,
218.875,-0.802134,-0.00866208,
219.126,-0.494598,0.511261,
219.378,-0.282278,0.514264,
219.629,-0.0854231,-0.640151,
219.88,-0.00278138,-1.24055,
220.132,-0.0028776,-1.45674,
220.382,-0.0970886,0.741016,
220.634,0.0706943,0.00559088,72,1,1,0.599132,0.00554875,0.604681,1.79047,-0.479306,0.00559088,
220.884,0.135999,0.716649,89,1,1,0.517501,0.574664,1.09217,2.24426,-0.414001,1.84165,
221.135,0.385076,0.319856,111,1,1,0.268655,0.314129,0.582784,3.2398,-0.214924,1.44486,
221.387,0.502381,0.536484,111,1,1,0.315476,0.161484,0.476961,inf,0.252381,0.161484,
221.637,0.31464,0.584963,122,1,1,0.0808003,0.544298,0.625098,inf,0.0646402,1.70996,
221.888,0.106585,0.46406,89,1,1,0.00823145,0.505813,0.514045,inf,0.00658516,1.58906,
222.139,0.00708395,0.086552,62,1,1,0.00885494,0.385649,0.394504,inf,0.00708395,1.21155,
222.394,0.00927899,-0.268861,68,1,1,0.0115987,0.272517,0.284116,inf,0.00927899,0.856139,
222.651,0.00960985,-0.588089,67,1,1,0.0120123,0.170904,0.182916,inf,0.00960985,0.536911,
222.896,0.00890956,-0.907378,56,1,1,0.0111369,0.0692714,0.0804083,inf,0.00890956,0.217622,
223.148,0.0117167,-1.20697,55,1,1,0.0146458,0,0.0146458,2.35767,0.0117167,0,
223.399,0.0252119,-1.19697,61,1,1,0.0315149,0,0.0315149,1.28426,0.0252119,0,
223.65,0.0232813,-1.35498,43,1,1,0.0291016,1.05,1.0791,0.991535,0.0232813,-1.05,
223.901,0.0222442,-1.00709,67,0.90787,1,0.659695,0.370545,1.03024,0.874377,-0.527756,-0.632087,
224.151,0.235119,-0.911581,111,0.812469,1,0.393601,0.344329,0.737931,0.819479,-0.314881,-0.911581,
224.402,0.302547,-1.74221,23,0.6403,0.412342,0.309316,0.382256,0.872822,0.740329,-0.247453,-1.425,
224.652,0.459064,-0.979464,111,0.333017,0.51484,0.17617,0.236254,0.697492,0.769666,-0.140936,-0.604464,
224.903,0.0499796,-1.66805,19,0.800243,0.567002,0.625025,0.4304,1.03143,0.961398,-0.50002,-1.35,
225.155,-0.22021,-1.1864,
225.406,-0.174229,-2.40683,
225.658,-0.105397,-0.473886,
225.908,-0.298247,-1.05397,
226.16,-0.382877,-0.0654446,
226.411,-0.809596,-0.0112006,
226.662,-0.47239,-0.885483,
226.914,-0.233444,-0.900739,
227.165,0.0555626,0.199787,79,1,1,0.618047,0.178317,0.796364,2.82819,-0.494437,1.32479,
227.416,0.0683204,-0.925114,78,1,1,0.602099,0.0060355,0.608135,2.82598,-0.48168,0.874886,
227.665,0.339771,-0.40717,122,1,1,0.262786,0.0496918,0.312478,2.83387,-0.210229,0.71783,
227.917,0.454667,-0.755756,111,1,1,0.181667,0.0110933,0.19276,inf,-0.145333,0.369244,
228.169,0.65699,-1.07209,89,0.975311,1,0.0537623,0.00254421,0.0563065,inf,-0.0430098,0.0529052,
228.419,0.774218,-1.22965,55,0.647393,1,0.282228,0.0395836,0.321811,inf,-0.225782,0,
228.67,0.573627,-1.23651,91,0.70895,1,0.120722,0.0198207,0.140543,inf,0.0965779,0,
228.921,0.408862,-1.06176,111,0.778701,1,0.198577,0.0201294,0.218706,3.6532,0.158862,0.0632384,
229.172,0.189553,-1.13615,91,0.874313,1,0.0494416,0,0.0494416,3.64197,0.0395533,0,
229.424,0.012259,-1.14553,61,0.961768,1,0.0153238,0,0.0153238,1.22366,0.012259,0,
229.675,-0.00524433,-1.38453,
229.925,0.0494476,-0.955323,67,0.89317,1,0.0618094,0.0540098,0.115819,0.586262,0.0494476,0.169677,
230.177,0.0551631,-1.26915,64,0.948528,1,0.00645384,0.9,0.906454,0.540404,0.00516307,-0.9,
230.428,0.00995157,-0.826151,67,0.953138,1,0.0124395,0.451151,0.46359,0.503807,0.00995157,-0.451151,
230.679,0.00857048,-0.42041,67,0.912482,1,0.0107131,0.0454103,0.0561234,0.523045,0.00857048,-0.0454103,
230.934,0.00857409,-0.0445516,62,0.880945,1,0.0107176,0.359908,0.370626,0.527199,0.00857409,-1.13069,
231.184,0.028828,0.103121,62,0.844083,1,0.036035,0.349147,0.385182,0.523789,0.028828,-1.09688,
231.436,0.0351122,0.292108,68,0.822403,1,0,0,0,0.497971,0,0,
231.687,0.0066318,-0.0531325,62,0.866561,1,0,0,0,0.478393,0,0,
231.937,-0.00780727,0.0458571,
232.188,0.187779,0.124121,92,0.730935,0.559671,0.515276,0.00821596,0.733312,0.474884,-0.412221,0.129438,
232.438,0.387612,-0.0860559,111,0.478032,0.540644,0.577985,0.00978344,0.777129,0.386429,-0.462388,0.144262,
232.689,0.335961,-0.0826071,111,0.444104,0.511839,0.642549,0.00028751,0.81719,0.319511,-0.514039,0.14771,
232.939,0.280958,-0.0860317,111,0.292344,0.462694,0.711302,0.0242743,0.877653,0.211274,-0.569042,0.144286,
233.189,0.229196,-0.0923347,102,0.247413,0.243039,0.713505,0.0326763,0.938312,0.17268,-0.570804,0.137983,
233.44,0.231669,-0.088413,102,0.243329,0.238965,0.710413,0.0268201,0.937208,0.118743,-0.568331,0.141905,
233.691,0.225773,-0.0354184,102,0.247259,0.439257,0.842783,0.00185254,0.931755,0.06,-0.674227,0.194899,
233.941,0.0455251,0.485701,67,0.134766,0.140458,0.630594,0.203313,0.976671,0.178915,-0.504475,0.341018,
234.191,0.122872,1.06891,89,0,0,0.84641,0.552797,1,0.154883,-0.677128,1.29923,
234.443,-0.0281268,0.132394,
234.692,0.0217257,-0.105821,62,0.414101,0,1,0.5,1,0.142672,0,0,
234.943,-0.17297,0.00121158,
235.194,-0.469902,-0.00252224,
235.444,-0.712611,-0.0392566,
235.694,-0.797185,0.036297,
235.944,-0.635876,0.00914544,
236.195,-0.363518,-0.0187045,
236.445,-0.0939787,-0.00724364,
236.696,0.141079,-0.00241008,82,0.871658,0.670405,0.511151,0.0019616,0.673588,0.803531,-0.408921,-0.00241008,
236.947,0.392242,0.000294917,111,0.662916,1,0.00831678,0.000659965,0.00897674,0.718595,-0.00665342,0.000294917,
237.198,0.187137,0.0324252,92,0.801207,1,1.10892,0.113395,1.22232,0.646935,0,0,
237.448,0.00501121,-0.240902,68,0.920197,1,1.06876,0.0895707,1.15833,0.594893,0,0,
237.699,-0.336772,-0.0232441,
237.949,-0.52999,-0.00257162,
238.201,-0.375373,-0.0773781,
238.451,-0.131434,-0.0260909,
238.701,-0.00244628,-0.00154669,
238.953,0.00189769,0.00307321,62,1,1,0,0,0,0.968863,0,0,
239.203,-0.00253447,0.000113647,
239.454,0.00193841,0.00343191,62,1,1,0,0,0,0.975115,0,0,
239.704,-0.00255818,0.000527868,
239.954,0.00194695,0.0034887,62,1,1,0,0,0,0.98013,0,0,
240.205,-0.0025554,0.000483463,
240.455,0.00194681,0.00346819,52,1,1,0,0,0,0.962644,0,0,
240.706,-0.0025623,0.000598238,
240.957,0.00194967,0.0034804,62,1,1,0,0,0,0.98554,0,0,
241.207,0.00195073,0.00348001,62,1,1,0,0,0,0.995828,0,0,
241.457,0.00194893,0.00344802,62,1,1,0,0,0,0.964676,0,0,
241.708,-0.0025594,0.000547808,
241.959,0.00195138,0.00346105,52,1,1,0,0,0,0.976014,0,0,
242.21,-0.00256341,0.000564083,
242.461,0.00195563,0.00348244,62,1,1,0,0,0,0.967406,0,0,
242.715,-0.00255522,0.000479772,
242.965,0.00195664,0.00347562,62,1,1,0,0,0,0.973518,0,0,
243.216,-0.00255618,0.000502448,
243.466,0.00195271,0.00341148,62,1,1,0,0,0,0.978083,0,0,
243.716,-0.00255733,0.000520188,
243.967,0.00195249,0.00339829,62,1,1,0,0,0,0.968534,0,0,
244.218,-0.00255754,0.000523622,
244.468,0.00195407,0.0033904,62,1,1,0,0,0,0.969061,0,0,
244.719,-0.00255715,0.000518029,
244.97,0.00196725,0.00349679,52,1,1,0,0,0,0.96119,0,0,
245.221,-0.00255617,0.000503945,
245.471,0.00196139,0.00343094,62,1,1,0,0,0,0.96649,0,0,
245.721,0.00195722,0.00337478,62,1,1,0,0,0,0.988707,0,0,
245.972,0.00196258,0.00342269,62,1,1,0,0,0,0.981575,0,0,
246.223,-0.00256299,0.000541837,
246.473,0.00195948,0.00337634,62,1,1,0,0,0,0.972444,0,0,
246.724,-0.00256042,0.000565216,
246.974,0.00195692,0.00333208,52,1,1,0,0,0,0.987154,0,0,
247.225,-0.00255579,0.000498927,
247.476,0.00196533,0.00339299,62,1,1,0,0,0,0.970257,0,0,
247.727,-0.00256718,0.000656566,
247.976,0.00196019,0.00331919,52,1,1,0,0,0,0.954932,0,0,
248.228,0.00196422,0.00335457,52,1,1,0,0,0,0.979728,0,0,
248.478,0.00196783,0.00337902,62,1,1,0,0,0,0.968898,0,0,
248.729,0.00196264,0.00330957,52,1,1,0,0,0,0.981156,0,0,
248.98,0.00196078,0.00329377,62,1,1,0,0,0,0.974421,0,0,
249.23,-0.00255529,0.000491238,
249.48,0.00196634,0.00332769,62,1,1,0,0,0,0.968604,0,0,
249.731,-0.00255973,0.000555244,
249.993,0.00197977,0.00342617,62,1,1,0,0,0,0.971994,0,0,
250.24,0.00196299,0.00326453,62,1,1,0,0,0,0.990185,0,0,
250.493,0.00196336,0.0032615,52,1,1,0,0,0,0.992659,0,0,
250.743,0.00196628,0.00327947,62,1,1,0,0,0,0.981519,0,0,
250.994,0.00196746,0.0032812,62,1,1,0,0,0,0.98083,0,0,
251.244,-0.00255767,0.000525272,
251.495,0.00196925,0.00327948,62,1,1,0,0,0,0.981577,0,0,
251.745,0.00197001,0.00327729,62,1,1,0,0,0,0.96727,0,0,
251.995,0.00197708,0.00332989,62,1,1,0,0,0,0.970129,0,0,
252.245,0.00198406,0.00337757,62,1,1,0,0,0,1.00144,0,0,
252.497,0.00198594,0.00338638,52,1,1,0,0,0,0.976582,0,0,
252.747,-0.00256764,0.000685142,
252.997,0.167257,-0.0136762,92,0.9068,0.677023,0.478429,0.0104293,0.653945,0.952604,-0.382743,-0.0136762,
253.247,0.432452,0.0418167,111,0.693984,0.466751,0.146935,0.0154652,0.60905,0.88407,-0.117548,-0.0331833,
253.499,0.587655,0.0187221,101,0.51249,0.50517,0.265431,0.0101376,0.634039,0.73954,-0.212345,0.0187221,
253.749,0.590467,0.00750342,101,0.463781,0.456646,0.261916,0.00404474,0.664804,0.641281,-0.209533,0.00750342,
253.999,0.589657,-0.00538322,101,0.342101,0.446795,0.387929,0.00349932,0.728093,0.466575,-0.310343,-0.00538322,
254.25,0.487593,0.00145501,101,0.333605,0.362562,0.390509,0.000949857,0.779366,0.347947,-0.312407,0.00145501,
254.5,0.491125,0.0327252,101,0.0453609,0.223589,0.698593,0.0429382,0.942209,0.219271,-0.558875,0.0327252,
254.754,0.287348,0.0248068,111,0.20389,0.315625,0.765815,0.0419038,0.939311,0.116766,-0.612652,0.0248068,
255.004,0.189296,0.024148,92,0.245004,0.312076,0.763381,0.0403879,0.938761,0.199299,-0.610704,0.024148,
255.255,0.184881,-0.0130243,92,0.257302,0.320145,0.768898,0.0223869,0.933181,0.153461,-0.615119,-0.0130243,
255.506,0.0121946,-0.308446,57,0.501171,0.271655,0.734757,0.0126631,0.931385,0.143239,-0.587805,-0.00844607,
255.756,0.0166816,-0.370323,68,0.440273,0.354474,0.791648,0.00892891,0.92931,0.184949,-0.633318,0.00467681,
256.006,-0.0306884,-0.512944,
256.257,-0.0694355,-0.235344,
256.509,-0.0307897,-0.29255,
256.761,-0.155741,0.164452,
257.011,-0.404046,-0.0063006,
257.262,-0.672879,-0.231996,
257.513,-0.795332,-0.0400533,
257.764,-0.635339,-0.0288991,
258.015,-0.333854,0.0104732,
258.266,-0.0593778,0.00344352,
258.518,-0.00108528,-0.00140587,
258.768,0.00442524,0.0110357,62,0.962225,1,0,0,0,0.836909,0,0,
259.021,1.85017e-05,0.00624031,52,0.989059,1,0,0,0,0.806289,0,0,
259.272,0.00197491,0.0120856,52,0.985337,1,0,0,0,0.816182,0,0,
259.523,-0.00141325,0.00227481,
259.774,-0.00138148,-0.0035948,
260.025,-0.00129587,-0.0023305,
260.277,0.00205637,0.0128869,52,0.988983,1,0,0,0,0.798655,0,0,
260.528,-0.000228748,0.00501937,
260.78,-0.00210241,-0.000765201,
261.03,-0.000254955,-0.00175605,
261.281,-0.00112639,0.0022592,
261.532,-0.000663424,-0.00392579,
261.782,0.00440326,0.0109729,62,0.955723,1,0,0,0,0.802784,0,0,
262.033,0.00035612,0.00660075,52,0.985413,1,0,0,0,0.798183,0,0,
262.283,-0.002039,-0.00150826,
262.535,0.00147737,0.00925704,52,0.992662,1,0,0,0,0.808645,0,0,
262.787,-0.000843869,-0.00200007,
263.038,-0.000105602,0.00492003,
263.287,0.00298181,0.0192981,52,0.985267,1,0,0,0,0.782578,0,0,
263.54,0.00152758,0.00991768,62,0.962586,1,0,0,0,0.801106,0,0,
263.79,0.00202429,0.0127932,62,0.958969,1,0,0,0,0.799779,0,0,
264.041,0.0014728,0.0074186,62,0.962099,1,0,0,0,0.781077,0,0,
264.292,0.00110718,0.00282031,62,0.959108,1,0,0,0,0.798018,0,0,
264.542,0.000468015,0.00468854,52,0.985422,1,0,0,0,0.798223,0,0,
264.792,-0.00241876,-0.00141373,
265.044,0.00015351,-0.00286963,52,0.989093,1,0,0,0,0.795853,0,0,
265.295,0.000183484,0.00700942,52,0.985416,1,0,0,0,0.806229,0,0,
265.546,0.0031357,0.0203411,62,0.958714,1,0,0,0,0.78444,0,0,
265.798,0.00137609,0.00428716,62,0.959192,1,0,0,0,0.783438,0,0,
266.047,-0.000916579,0.00477526,
266.298,-0.00372205,-0.000151749,
266.549,0.00115701,0.007815,62,0.955861,1,0,0,0,0.81061,0,0,
266.801,0.0012568,0.00567796,62,0.956024,1,0,0,0,0.781586,0,0,
267.051,0.00034628,-0.00352854,62,0.962344,1,0,0,0,0.788732,0,0,
267.303,0.00121317,0.00769621,62,0.959059,1,0,0,0,0.788931,0,0,
267.553,0.000914826,0.00991322,62,0.955743,1,0,0,0,0.795184,0,0,
267.805,-0.00219297,0.00245322,
268.055,0.00110119,0.00762385,62,0.958776,1,0,0,0,0.785452,0,0,
268.306,-0.000686809,-0.00172596,
268.559,0.00196524,0.00276633,52,0.98174,1,0,0,0,0.782353,0,0,
268.809,0.00033816,0.00519089,62,0.95622,1,0,0,0,0.796623,0,0,
269.061,0.00326476,0.00610949,52,0.981674,1,0,0,0,0.766728,0,0,
269.312,-0.00106639,0.0037773,
269.566,-0.000946954,0.0044602,
269.816,-0.00388716,0.00377999,
270.067,0.00332285,0.00706352,62,0.955837,1,0,0,0,0.760922,0,0,
270.318,0.00331814,0.00706089,52,0.981666,1,0,0,0,0.773773,0,0,
270.569,0.00331247,0.00705707,52,0.981666,1,0,0,0,0.787966,0,0,
270.82,-0.00104028,0.00507359,
271.071,-0.00105686,0.00519275,
271.322,-0.00426555,0.00648341,
271.573,-0.00431823,0.00686058,
271.824,0.000173095,0.00536894,62,0.959025,1,0,0,0,0.785643,0,0,
272.078,-0.000897383,-0.001504,
272.328,0.000363987,0.00126283,62,0.955964,1,0,0,0,0.758799,0,0,
272.579,0.00172851,0.00979188,62,0.959008,1,0,0,0,0.791119,0,0,
272.831,-0.000894397,0.00171314,
273.081,0.000460389,0.00468778,52,0.978145,1,0,0,0,0.750981,0,0,
273.332,-0.00214328,-0.00127385,
273.584,0.00143632,0.00876125,62,0.955832,1,0,0,0,0.795674,0,0,
273.838,-5.48099e-05,-0.00131496,
274.089,-0.000464244,0.00502472,
